{"stats":{"minecraft:mined":{"minecraft:dark_oak_planks":2,"minecraft:waxed_cut_copper_slab":1,"minecraft:white_bed":5,"iceandfire:copper_pile":1,"alexsmobs:leafcutter_anthill":1,"minecraft:jungle_leaves":1,"minecraft:brewing_stand":1,"minecraft:granite":32,"minecraft:acacia_log":36,"luminousworld:bao_bob_wood":18,"minecraft:grass_block":2,"luminousworld:savanna_grass_2":2,"minecraft:spawner":3,"minecraft:iron_ore":62,"minecraft:cobbled_deepslate":10,"minecraft:fire":1,"minecraft:deepslate_lapis_ore":7,"minecraft:stripped_dark_oak_wood":1,"minecraft:sculk_shrieker":1,"luminousworld:creepbush":1,"minecraft:deepslate_redstone_ore":19,"minecraft:magenta_carpet":1,"minecraft:amethyst_cluster":3,"minecraft:torch":14,"minecraft:blast_furnace":1,"minecraft:calcite":22,"minecraft:nether_brick_slab":1,"minecraft:cobblestone":35,"minecraft:cyan_bed":6,"minecraft:sugar_cane":10,"minecraft:wall_torch":18,"minecraft:amethyst_block":20,"minecraft:deepslate_copper_ore":2,"minecraft:light_gray_stained_glass":3,"minecraft:wheat":111,"minecraft:birch_trapdoor":1,"luminousworld:bao_bob_log":58,"minecraft:grass":23,"minecraft:oak_log":1,"minecraft:acacia_fence":2,"luminousworld:bao_bab_leaves":1,"minecraft:smooth_basalt":16,"luminousworld:savannah_grass_4":5,"minecraft:oak_leaves":2,"minecraft:cyan_candle":1,"minecraft:deepslate":1944,"minecraft:tuff":271,"iceandfire:silver_ore":6,"minecraft:deepslate_diamond_ore":16,"minecraft:spruce_fence":1,"born_in_chaos_v1:black_argillite":1,"minecraft:white_stained_glass":3,"minecraft:red_sandstone_stairs":1,"luminousworld:groundpebbles_3":1,"minecraft:hay_block":17,"minecraft:black_stained_glass_pane":2,"minecraft:redstone_ore":7,"minecraft:furnace":5,"minecraft:red_sandstone":4,"minecraft:andesite":216,"minecraft:gold_block":1,"minecraft:bookshelf":53,"minecraft:deepslate_iron_ore":21,"minecraft:vine":1,"minecraft:lantern":1,"minecraft:stripped_acacia_log":1,"minecraft:bamboo":1,"minecraft:stone":1812,"minecraft:white_wool":2,"luminousworld:savannah_soil":19,"minecraft:acacia_leaves":8,"minecraft:scaffolding":1,"minecraft:glass_pane":16,"minecraft:crafting_table":7,"luminousworld:savannah_grass_1":5,"minecraft:sculk_sensor":5,"minecraft:lectern":1,"minecraft:campfire":8,"minecraft:tall_grass":4,"minecraft:copper_ore":6,"minecraft:lapis_ore":4,"minecraft:deepslate_gold_ore":23,"minecraft:sculk":3,"minecraft:diorite":133,"minecraft:gray_wool":3,"minecraft:beehive":2,"minecraft:yellow_bed":1,"minecraft:coal_ore":153,"minecraft:gravel":114,"minecraft:cobweb":8,"luminousworld:elephant_grass":1,"minecraft:gold_ore":7},"minecraft:crafted":{"minecraft:oak_planks":4,"minecraft:cooked_mutton":9,"iceandfire:armor_copper_metal_boots":1,"minecraft:iron_boots":1,"sophisticatedbackpacks:backpack":1,"minecraft:cooked_porkchop":7,"minecraft:crafting_table":1,"minecraft:wooden_pickaxe":1,"minecraft:iron_helmet":1,"minecraft:copper_ingot":21,"minecraft:string":4,"minecraft:shield":2,"minecraft:stick":136,"quark:oak_chest":1,"minecraft:iron_ingot":54,"minecraft:iron_pickaxe":3,"minecraft:stone_sword":1,"minecraft:gold_ingot":13,"minecraft:stone_shovel":1,"vanillaplustools:stone_hammer":4,"minecraft:spyglass":2,"minecraft:furnace":4,"iceandfire:armor_copper_metal_leggings":1,"iceandfire:armor_copper_metal_helmet":1,"quark:acacia_chest":6,"minecraft:leather":1,"minecraft:iron_axe":2,"minecraft:stone_pickaxe":37,"luminousworld:baobab_slab":3,"minecraft:wheat":117,"sophisticatedbackpacks:iron_backpack":1,"minecraft:cooked_beef":3,"iceandfire:silver_ingot":6,"alexsmobs:cooked_kangaroo_meat":7,"minecraft:iron_sword":2,"sophisticatedbackpacks:gold_backpack":1,"minecraft:stone_axe":1,"minecraft:bread":62,"minecraft:air":0,"iceandfire:bestiary":1,"minecraft:iron_shovel":1,"minecraft:iron_leggings":1,"minecraft:white_bed":2,"minecraft:acacia_planks":148,"minecraft:torch":124,"luminousworld:baobab_plank":300},"minecraft:picked_up":{"minecraft:iron_chestplate":1,"minecraft:wheat":82,"minecraft:magenta_carpet":2,"minecraft:potion":2,"minecraft:brewing_stand":1,"minecraft:amethyst_block":20,"born_in_chaos_v1:black_argillite":1,"alexsmobs:gazelle_horn":2,"minecraft:string":9,"minecraft:raw_copper":30,"minecraft:waxed_cut_copper_slab":1,"minecraft:experience_bottle":1,"minecraft:sea_pickle":3,"minecraft:cobbled_deepslate":1849,"minecraft:calcite":22,"minecraft:iron_pickaxe":1,"minecraft:furnace":5,"minecraft:iron_boots":1,"minecraft:beehive":2,"minecraft:acacia_fence":2,"minecraft:birch_trapdoor":1,"minecraft:torch":40,"minecraft:acacia_log":36,"minecraft:porkchop":7,"luminousworld:savannah_soil":18,"tombstone:grave_dust":10,"minecraft:diorite":132,"minecraft:rotten_flesh":79,"alexsmobs:emu_egg":2,"minecraft:cobblestone":1808,"minecraft:andesite":209,"minecraft:potato":18,"minecraft:flint":9,"minecraft:tuff":270,"minecraft:lapis_lazuli":78,"minecraft:dirt":3,"minecraft:lantern":2,"born_in_chaos_v1:marigolds":6,"minecraft:bone":12,"minecraft:wheat_seeds":197,"minecraft:raw_gold":29,"minecraft:dark_oak_sign":9,"minecraft:cyan_candle":2,"minecraft:bamboo":6,"minecraft:oak_planks":20,"minecraft:sand":4,"minecraft:cyan_bed":7,"alexsmobs:animal_dictionary":1,"undead_revamp2:heavytooth":1,"minecraft:iron_hoe":1,"minecraft:stripped_acacia_log":1,"alexsmobs:kangaroo_hide":3,"minecraft:diamond":17,"minecraft:granite":31,"minecraft:emerald":2,"minecraft:chainmail_helmet":1,"luminousworld:bao_bob_log":57,"iceandfire:raw_silver":6,"iceandfire:dragon_skull_lightning":3,"luminousworld:groundpebbles_1":1,"minecraft:charcoal":16,"minecraft:crafting_table":7,"minecraft:chicken":16,"luminousworld:bao_bob_wood":18,"minecraft:gold_block":1,"minecraft:chain":1,"minecraft:item_frame":1,"minecraft:iron_shovel":1,"minecraft:beef":9,"minecraft:lectern":1,"minecraft:sugar_cane":20,"minecraft:egg":1,"minecraft:raw_iron":79,"iceandfire:dragonbone":42,"minecraft:spruce_fence":1,"minecraft:fire_charge":1,"minecraft:redstone":116,"minecraft:stone_pressure_plate":1,"minecraft:dark_oak_planks":2,"luminousworld:baobab_plank":31,"minecraft:arrow":6,"minecraft:hay_block":13,"tombstone:essence_of_undeath":1,"minecraft:gold_ingot":2,"minecraft:mutton":10,"minecraft:white_wool":9,"alexsmobs:kangaroo_meat":7,"born_in_chaos_v1:corpse_maggot":11,"minecraft:glow_ink_sac":3,"minecraft:leather":4,"minecraft:oak_log":1,"minecraft:yellow_bed":1,"minecraft:gunpowder":1,"iceandfire:armor_copper_metal_helmet":1,"minecraft:cooked_mutton":7,"minecraft:red_sandstone":4,"minecraft:iron_ingot":2,"tombstone:bag_of_seeds":1,"minecraft:iron_sword":1,"quark:light_gray_shard":8,"minecraft:book":159,"minecraft:smooth_basalt":11,"iceandfire:copper_nugget":14,"quark:white_shard":9,"born_in_chaos_v1:ethereal_spirit":1,"minecraft:spyglass":2,"minecraft:gravel":158,"minecraft:amethyst_shard":12,"minecraft:blast_furnace":1,"minecraft:white_bed":5,"minecraft:nether_brick_slab":1,"minecraft:chainmail_leggings":1,"minecraft:painting":2,"minecraft:gray_wool":4,"tombstone:magic_scroll":1,"minecraft:coal":225},"minecraft:killed":{"minecraft:cave_spider":1,"born_in_chaos_v1:restless_spirit":1,"minecraft:skeleton":3,"luminousworld:charaxes":1,"alexsmobs:kangaroo":5,"undead_revamp2:thespitter":1,"iceandfire:myrmex_worker":1,"minecraft:pig":4,"minecraft:sheep":7,"luminousworld:savannah_skeleton":5,"minecraft:zombie":3,"born_in_chaos_v1:corpse_fly":2,"enemyexpansion:botfly":2,"born_in_chaos_v1:door_knight":1,"minecraft:cow":4,"undead_revamp2:thehunter":3,"illagerinvasion:firecaller":1,"quark:toretoise":1,"enemyexpansion:direwolf":4,"born_in_chaos_v1:zombie_bruiser":1,"born_in_chaos_v1:maggot":12,"minecraft:horse":1,"enemyexpansion:starved":1,"born_in_chaos_v1:spirit_guide":1,"minecraft:husk":57,"enemyexpansion:sprinter":1,"born_in_chaos_v1:decrepit_skeleton":4,"undead_revamp2:thesomnolence":1,"born_in_chaos_v1:decaying_zombie":1,"iceandfire:ghost":4,"alexsmobs:gazelle":3},"minecraft:broken":{"minecraft:golden_sword":1,"minecraft:stone_axe":1,"minecraft:iron_sword":2,"minecraft:stone_sword":1,"minecraft:wooden_pickaxe":1,"minecraft:shield":2,"vanillaplustools:stone_hammer":4,"minecraft:iron_axe":1,"minecraft:iron_pickaxe":1,"minecraft:iron_helmet":1},"minecraft:dropped":{"minecraft:iron_sword":1,"minecraft:glass_bottle":1,"minecraft:dirt":2,"minecraft:mutton":1,"minecraft:chain":1,"minecraft:sand":4,"minecraft:iron_pickaxe":2,"minecraft:dark_oak_planks":2,"luminousworld:baobab_slab":3,"minecraft:waxed_cut_copper_slab":1,"minecraft:spyglass":3,"minecraft:cobbled_deepslate":3,"minecraft:wheat":11,"minecraft:rotten_flesh":3,"minecraft:cooked_mutton":2,"minecraft:birch_trapdoor":1,"born_in_chaos_v1:corpse_maggot":3,"minecraft:painting":1,"minecraft:arrow":4,"iceandfire:armor_copper_metal_leggings":1,"minecraft:wheat_seeds":3,"minecraft:cobblestone":124,"minecraft:granite":1,"minecraft:chainmail_helmet":1,"minecraft:iron_leggings":1,"minecraft:cyan_candle":2,"minecraft:chainmail_leggings":1,"minecraft:string":8,"iceandfire:dragonbone":2,"minecraft:nether_brick_slab":1,"minecraft:dark_oak_sign":9,"iceandfire:armor_copper_metal_helmet":1,"minecraft:andesite":9},"minecraft:killed_by":{"enemyexpansion:sprinter":2,"minecraft:zombie":1,"illagerinvasion:firecaller":1,"undead_revamp2:thehorrors":3,"undead_revamp2:thehunter":2,"iceandfire:lightning_dragon":1,"alexsmobs:kangaroo":1,"enemyexpansion:direwolf":1,"iceandfire:ghost":1,"luminousworld:savannah_skeleton":1},"minecraft:used":{"minecraft:iron_shovel":104,"minecraft:shield":78,"minecraft:iron_sword":503,"minecraft:obsidian":2,"born_in_chaos_v1:corpse_maggot":4,"minecraft:lantern":1,"minecraft:golden_sword":33,"minecraft:furnace":6,"minecraft:stone_pickaxe":140,"minecraft:wooden_pickaxe":49,"luminousworld:groundpebbles_1":1,"minecraft:cyan_bed":5,"minecraft:bread":51,"minecraft:gravel":1,"minecraft:andesite":3,"minecraft:experience_bottle":4,"minecraft:stone_sword":244,"iceandfire:armor_copper_metal_leggings":1,"minecraft:stone_shovel":33,"born_in_chaos_v1:black_argillite":1,"vanillaplustools:stone_hammer":527,"minecraft:torch":158,"iceandfire:armor_copper_metal_boots":1,"minecraft:dirt":1,"minecraft:spyglass":185,"alexsmobs:cooked_kangaroo_meat":7,"minecraft:iron_axe":261,"minecraft:iron_boots":1,"luminousworld:savannah_soil":5,"iceandfire:armor_copper_metal_helmet":2,"tombstone:gift":3,"minecraft:stone_pressure_plate":1,"minecraft:cooked_beef":2,"minecraft:cobbled_deepslate":165,"minecraft:cooked_mutton":14,"iceandfire:dragon_skull_lightning":1,"minecraft:crafting_table":7,"quark:acacia_chest":5,"minecraft:white_bed":6,"minecraft:painting":1,"minecraft:magenta_carpet":2,"minecraft:iron_pickaxe":372,"minecraft:stone_axe":130,"minecraft:cobblestone":231,"minecraft:potion":2,"minecraft:cooked_porkchop":2,"quark:oak_chest":1,"minecraft:gray_wool":3,"minecraft:diamond_leggings":2,"minecraft:chainmail_leggings":2},"minecraft:custom":{"minecraft:interact_with_crafting_table":76,"minecraft:open_barrel":4,"minecraft:bell_ring":4,"minecraft:eat_cake_slice":8,"minecraft:leave_game":8,"minecraft:time_since_death":6847,"minecraft:sprint_one_cm":567216,"minecraft:damage_blocked_by_shield":4126,"minecraft:drop":46,"minecraft:talked_to_villager":2,"minecraft:play_time":350000,"minecraft:deaths":17,"minecraft:jump":4492,"minecraft:walk_on_water_one_cm":37364,"minecraft:interact_with_furnace":71,"minecraft:interact_with_cartography_table":1,"minecraft:sleep_in_bed":12,"minecraft:damage_dealt":40819,"minecraft:crouch_one_cm":53487,"tombstone:undead_killed":86,"minecraft:interact_with_smoker":1,"minecraft:mob_kills":145,"minecraft:damage_dealt_resisted":705,"minecraft:climb_one_cm":6826,"minecraft:walk_one_cm":655442,"minecraft:sneak_time":25610,"minecraft:walk_under_water_one_cm":46958,"minecraft:interact_with_blast_furnace":1,"minecraft:total_world_time":350000,"minecraft:time_since_rest":5473,"minecraft:damage_taken":9354,"minecraft:trigger_trapped_chest":3,"minecraft:swim_one_cm":81159,"minecraft:fly_one_cm":647103,"minecraft:open_chest":173,"minecraft:fall_one_cm":115162}},"DataVersion":3465}