{"stats":{"minecraft:mined":{"minecraft:tuff":271,"minecraft:white_bed":3,"iceandfire:silver_ore":6,"minecraft:deepslate_diamond_ore":16,"minecraft:granite":32,"minecraft:acacia_log":36,"luminousworld:bao_bob_wood":18,"minecraft:grass_block":2,"born_in_chaos_v1:black_argillite":1,"luminousworld:groundpebbles_3":1,"luminousworld:savanna_grass_2":2,"minecraft:hay_block":17,"minecraft:redstone_ore":7,"minecraft:furnace":2,"minecraft:iron_ore":62,"minecraft:cobbled_deepslate":4,"minecraft:andesite":216,"minecraft:deepslate_lapis_ore":7,"minecraft:gold_block":1,"minecraft:sculk_shrieker":1,"minecraft:bookshelf":3,"minecraft:deepslate_iron_ore":21,"minecraft:stripped_acacia_log":1,"minecraft:stone":1811,"minecraft:deepslate_redstone_ore":19,"luminousworld:savannah_soil":19,"minecraft:acacia_leaves":8,"minecraft:scaffolding":1,"minecraft:magenta_carpet":1,"minecraft:glass_pane":14,"minecraft:amethyst_cluster":3,"minecraft:crafting_table":4,"minecraft:torch":14,"luminousworld:savannah_grass_1":2,"minecraft:calcite":12,"minecraft:sculk_sensor":5,"minecraft:copper_ore":6,"minecraft:tall_grass":3,"minecraft:cobblestone":35,"minecraft:deepslate_gold_ore":23,"minecraft:lapis_ore":4,"minecraft:sugar_cane":5,"minecraft:sculk":3,"minecraft:diorite":133,"minecraft:wall_torch":18,"minecraft:amethyst_block":20,"minecraft:deepslate_copper_ore":2,"minecraft:gray_wool":3,"minecraft:wheat":110,"luminousworld:bao_bob_log":58,"minecraft:grass":18,"minecraft:oak_log":1,"minecraft:coal_ore":153,"minecraft:acacia_fence":2,"luminousworld:bao_bab_leaves":1,"minecraft:gravel":114,"minecraft:smooth_basalt":16,"luminousworld:savannah_grass_4":4,"luminousworld:elephant_grass":1,"minecraft:gold_ore":7,"minecraft:deepslate":1944},"minecraft:crafted":{"minecraft:oak_planks":4,"minecraft:stone_shovel":1,"vanillaplustools:stone_hammer":4,"minecraft:spyglass":2,"minecraft:furnace":4,"iceandfire:armor_copper_metal_leggings":1,"iceandfire:armor_copper_metal_boots":1,"minecraft:cooked_mutton":9,"iceandfire:armor_copper_metal_helmet":1,"quark:acacia_chest":6,"minecraft:iron_boots":1,"minecraft:leather":1,"minecraft:iron_axe":1,"minecraft:stone_pickaxe":37,"luminousworld:baobab_slab":3,"sophisticatedbackpacks:iron_backpack":1,"minecraft:wheat":117,"minecraft:cooked_beef":3,"sophisticatedbackpacks:backpack":1,"iceandfire:silver_ingot":6,"minecraft:cooked_porkchop":7,"minecraft:crafting_table":1,"minecraft:wooden_pickaxe":1,"minecraft:iron_helmet":1,"alexsmobs:cooked_kangaroo_meat":7,"minecraft:iron_sword":1,"minecraft:copper_ingot":21,"sophisticatedbackpacks:gold_backpack":1,"minecraft:stone_axe":1,"minecraft:bread":62,"minecraft:air":0,"minecraft:string":4,"minecraft:shield":1,"minecraft:stick":128,"quark:oak_chest":1,"minecraft:iron_ingot":54,"minecraft:iron_pickaxe":3,"minecraft:stone_sword":1,"minecraft:iron_shovel":1,"minecraft:iron_leggings":1,"minecraft:gold_ingot":13,"minecraft:white_bed":2,"minecraft:acacia_planks":148,"minecraft:torch":124,"luminousworld:baobab_plank":300},"minecraft:picked_up":{"iceandfire:dragon_skull_lightning":1,"luminousworld:groundpebbles_1":1,"minecraft:crafting_table":4,"minecraft:iron_chestplate":1,"minecraft:wheat":71,"minecraft:magenta_carpet":2,"luminousworld:bao_bob_wood":18,"minecraft:gold_block":1,"minecraft:amethyst_block":20,"born_in_chaos_v1:black_argillite":1,"alexsmobs:gazelle_horn":2,"minecraft:string":1,"minecraft:raw_copper":30,"minecraft:item_frame":1,"minecraft:cobbled_deepslate":1843,"minecraft:beef":9,"minecraft:calcite":12,"minecraft:sugar_cane":8,"minecraft:furnace":2,"minecraft:egg":1,"minecraft:raw_iron":79,"iceandfire:dragonbone":38,"minecraft:acacia_fence":2,"minecraft:torch":40,"minecraft:acacia_log":36,"luminousworld:savannah_soil":18,"minecraft:porkchop":7,"tombstone:grave_dust":2,"minecraft:diorite":132,"minecraft:redstone":116,"minecraft:stone_pressure_plate":1,"minecraft:arrow":3,"minecraft:rotten_flesh":8,"minecraft:hay_block":13,"minecraft:mutton":10,"alexsmobs:kangaroo_meat":7,"minecraft:white_wool":7,"minecraft:cobblestone":1808,"born_in_chaos_v1:corpse_maggot":4,"minecraft:glow_ink_sac":3,"minecraft:andesite":209,"minecraft:leather":4,"minecraft:flint":9,"minecraft:tuff":270,"minecraft:oak_log":1,"minecraft:gunpowder":1,"iceandfire:armor_copper_metal_helmet":1,"minecraft:lapis_lazuli":78,"minecraft:dirt":3,"minecraft:cooked_mutton":6,"minecraft:bone":4,"minecraft:wheat_seeds":171,"minecraft:raw_gold":29,"tombstone:bag_of_seeds":1,"minecraft:oak_planks":16,"minecraft:book":9,"minecraft:smooth_basalt":11,"minecraft:gravel":158,"minecraft:amethyst_shard":12,"minecraft:white_bed":3,"alexsmobs:animal_dictionary":1,"minecraft:stripped_acacia_log":1,"alexsmobs:kangaroo_hide":3,"minecraft:diamond":17,"minecraft:granite":31,"minecraft:gray_wool":4,"luminousworld:bao_bob_log":57,"minecraft:coal":172,"iceandfire:raw_silver":6},"minecraft:killed":{"minecraft:cave_spider":1,"undead_revamp2:thehunter":3,"quark:toretoise":1,"enemyexpansion:direwolf":3,"minecraft:skeleton":2,"minecraft:horse":1,"luminousworld:charaxes":1,"alexsmobs:kangaroo":5,"undead_revamp2:thespitter":1,"minecraft:pig":4,"enemyexpansion:sprinter":1,"minecraft:sheep":7,"luminousworld:savannah_skeleton":1,"undead_revamp2:thesomnolence":1,"minecraft:zombie":1,"iceandfire:ghost":2,"born_in_chaos_v1:corpse_fly":2,"alexsmobs:gazelle":3,"minecraft:cow":4},"minecraft:broken":{"minecraft:stone_sword":1,"minecraft:wooden_pickaxe":1,"minecraft:shield":1,"minecraft:golden_sword":1,"vanillaplustools:stone_hammer":4,"minecraft:stone_axe":1,"minecraft:iron_pickaxe":1},"minecraft:dropped":{"minecraft:wheat_seeds":1,"minecraft:cobblestone":124,"minecraft:granite":1,"minecraft:dirt":1,"minecraft:mutton":1,"minecraft:iron_leggings":1,"minecraft:iron_pickaxe":1,"luminousworld:baobab_slab":3,"minecraft:spyglass":1,"minecraft:cobbled_deepslate":3,"minecraft:rotten_flesh":3,"iceandfire:armor_copper_metal_helmet":1,"minecraft:cooked_mutton":2,"minecraft:andesite":9,"minecraft:arrow":1,"iceandfire:armor_copper_metal_leggings":1},"minecraft:killed_by":{"undead_revamp2:thehorrors":3,"undead_revamp2:thehunter":2,"enemyexpansion:sprinter":2,"minecraft:zombie":1,"alexsmobs:kangaroo":1},"minecraft:used":{"minecraft:stone_sword":244,"minecraft:iron_shovel":104,"iceandfire:armor_copper_metal_leggings":1,"minecraft:stone_shovel":33,"minecraft:shield":41,"born_in_chaos_v1:black_argillite":1,"minecraft:iron_sword":46,"vanillaplustools:stone_hammer":527,"minecraft:torch":156,"iceandfire:armor_copper_metal_boots":1,"minecraft:dirt":1,"minecraft:spyglass":84,"alexsmobs:cooked_kangaroo_meat":1,"minecraft:obsidian":2,"born_in_chaos_v1:corpse_maggot":4,"minecraft:iron_axe":10,"minecraft:iron_boots":1,"minecraft:golden_sword":33,"luminousworld:savannah_soil":5,"minecraft:furnace":6,"iceandfire:armor_copper_metal_helmet":2,"tombstone:gift":3,"minecraft:cooked_beef":2,"minecraft:stone_pressure_plate":1,"minecraft:cobbled_deepslate":59,"minecraft:cooked_mutton":6,"minecraft:stone_pickaxe":140,"minecraft:wooden_pickaxe":49,"luminousworld:groundpebbles_1":1,"quark:acacia_chest":5,"minecraft:crafting_table":5,"minecraft:white_bed":5,"minecraft:magenta_carpet":2,"minecraft:bread":16,"minecraft:iron_pickaxe":322,"minecraft:gravel":1,"minecraft:stone_axe":130,"minecraft:cobblestone":231,"minecraft:cooked_porkchop":2,"minecraft:andesite":3,"quark:oak_chest":1,"minecraft:gray_wool":3,"minecraft:experience_bottle":3},"minecraft:custom":{"minecraft:mob_kills":47,"minecraft:interact_with_crafting_table":72,"minecraft:eat_cake_slice":6,"minecraft:leave_game":5,"minecraft:time_since_death":80720,"minecraft:climb_one_cm":1600,"minecraft:sprint_one_cm":340455,"minecraft:walk_one_cm":429214,"minecraft:damage_blocked_by_shield":2790,"minecraft:drop":20,"minecraft:talked_to_villager":1,"minecraft:play_time":245061,"minecraft:deaths":12,"minecraft:sneak_time":16599,"minecraft:walk_under_water_one_cm":16209,"minecraft:jump":2565,"minecraft:walk_on_water_one_cm":12719,"minecraft:total_world_time":245061,"minecraft:interact_with_furnace":71,"minecraft:sleep_in_bed":7,"minecraft:time_since_rest":68511,"minecraft:damage_taken":5069,"minecraft:damage_dealt":8345,"minecraft:swim_one_cm":715,"minecraft:fly_one_cm":328325,"minecraft:open_chest":145,"minecraft:crouch_one_cm":39671,"tombstone:undead_killed":11,"minecraft:interact_with_smoker":1,"minecraft:fall_one_cm":59146}},"DataVersion":3465}