{"stats":{"minecraft:picked_up":{"minecraft:crafting_table":1,"minecraft:acacia_log":8,"minecraft:mutton":3,"minecraft:white_wool":2},"minecraft:custom":{"minecraft:time_since_rest":4748,"minecraft:crouch_one_cm":133,"minecraft:play_time":4748,"minecraft:sprint_one_cm":2688,"minecraft:walk_one_cm":3540,"minecraft:sneak_time":112,"minecraft:mob_kills":2,"minecraft:jump":42,"minecraft:damage_dealt":160,"minecraft:time_since_death":4748,"minecraft:total_world_time":4748,"minecraft:interact_with_crafting_table":1,"minecraft:fall_one_cm":836,"minecraft:fly_one_cm":4685},"minecraft:used":{"minecraft:crafting_table":1,"minecraft:wooden_pickaxe":7},"minecraft:killed":{"minecraft:sheep":2},"minecraft:mined":{"minecraft:acacia_log":8,"minecraft:acacia_leaves":1,"minecraft:crafting_table":1},"minecraft:crafted":{"minecraft:acacia_planks":32,"minecraft:crafting_table":1,"minecraft:stick":4,"minecraft:wooden_pickaxe":1}},"DataVersion":3465}