{"stats":{"minecraft:broken":{"minecraft:wooden_pickaxe":1},"minecraft:killed":{"minecraft:sheep":4,"minecraft:pig":3,"luminousworld:charaxes":1},"minecraft:custom":{"minecraft:time_since_rest":5637,"minecraft:sprint_one_cm":12910,"minecraft:walk_one_cm":13964,"minecraft:mob_kills":8,"minecraft:damage_dealt":630,"minecraft:interact_with_crafting_table":4,"minecraft:fly_one_cm":14676,"minecraft:crouch_one_cm":1239,"minecraft:play_time":11863,"minecraft:sneak_time":634,"minecraft:jump":103,"minecraft:leave_game":1,"minecraft:time_since_death":11863,"minecraft:sleep_in_bed":1,"minecraft:total_world_time":11863,"minecraft:fall_one_cm":2833},"minecraft:crafted":{"minecraft:crafting_table":1,"minecraft:stick":8,"minecraft:wooden_pickaxe":1,"minecraft:stone_pickaxe":1,"minecraft:stone_sword":1,"minecraft:furnace":1,"minecraft:white_bed":1,"minecraft:acacia_planks":32,"minecraft:stone_axe":1},"minecraft:used":{"minecraft:stone_sword":5,"minecraft:stone_pickaxe":9,"minecraft:wooden_pickaxe":49,"minecraft:stone_axe":4,"minecraft:crafting_table":2,"minecraft:white_bed":1},"minecraft:mined":{"minecraft:acacia_leaves":1,"minecraft:white_bed":1,"minecraft:crafting_table":2,"minecraft:grass":4,"minecraft:acacia_log":8,"minecraft:grass_block":1,"minecraft:stone":44},"minecraft:picked_up":{"minecraft:crafting_table":2,"minecraft:acacia_log":8,"minecraft:porkchop":2,"minecraft:white_bed":1,"minecraft:dirt":1,"minecraft:wheat_seeds":1,"minecraft:gray_wool":1,"minecraft:mutton":5,"minecraft:white_wool":3,"minecraft:cobblestone":44}},"DataVersion":3465}