{"stats":{"minecraft:dropped":{"minecraft:spyglass":1,"minecraft:wheat_seeds":1,"minecraft:rotten_flesh":3,"iceandfire:armor_copper_metal_helmet":1,"minecraft:cooked_mutton":2,"minecraft:dirt":1,"minecraft:mutton":1,"minecraft:iron_leggings":1,"minecraft:arrow":1,"minecraft:iron_pickaxe":1},"minecraft:broken":{"vanillaplustools:stone_hammer":1,"minecraft:wooden_pickaxe":1},"minecraft:killed":{"minecraft:pig":4,"undead_revamp2:thehunter":2,"enemyexpansion:sprinter":1,"enemyexpansion:direwolf":3,"minecraft:sheep":6,"minecraft:skeleton":2,"undead_revamp2:thesomnolence":1,"minecraft:zombie":1,"born_in_chaos_v1:corpse_fly":2,"luminousworld:charaxes":1,"minecraft:cow":1},"minecraft:killed_by":{"undead_revamp2:thehunter":2,"enemyexpansion:sprinter":2},"minecraft:custom":{"minecraft:interact_with_furnace":24,"minecraft:mob_kills":24,"minecraft:interact_with_crafting_table":29,"minecraft:leave_game":2,"minecraft:time_since_death":9776,"minecraft:sleep_in_bed":3,"minecraft:time_since_rest":9536,"minecraft:sprint_one_cm":110560,"minecraft:damage_taken":1927,"minecraft:walk_one_cm":161946,"minecraft:damage_blocked_by_shield":705,"minecraft:drop":11,"minecraft:damage_dealt":3560,"minecraft:fly_one_cm":98110,"minecraft:open_chest":34,"minecraft:crouch_one_cm":5722,"minecraft:play_time":71370,"tombstone:undead_killed":6,"minecraft:deaths":4,"minecraft:sneak_time":3232,"minecraft:jump":892,"minecraft:walk_on_water_one_cm":3251,"minecraft:total_world_time":71370,"minecraft:fall_one_cm":19845},"minecraft:crafted":{"minecraft:cooked_beef":3,"minecraft:oak_planks":4,"vanillaplustools:stone_hammer":1,"minecraft:cooked_porkchop":7,"minecraft:crafting_table":1,"minecraft:spyglass":2,"minecraft:wooden_pickaxe":1,"minecraft:furnace":2,"iceandfire:armor_copper_metal_leggings":1,"minecraft:copper_ingot":21,"minecraft:stone_axe":1,"iceandfire:armor_copper_metal_helmet":1,"minecraft:cooked_mutton":2,"minecraft:air":0,"iceandfire:armor_copper_metal_boots":1,"minecraft:shield":1,"minecraft:stick":44,"quark:oak_chest":1,"minecraft:iron_ingot":14,"minecraft:iron_pickaxe":2,"minecraft:stone_pickaxe":10,"minecraft:gold_ingot":9,"minecraft:stone_sword":1,"minecraft:iron_leggings":1,"minecraft:white_bed":2,"minecraft:acacia_planks":88,"minecraft:torch":60},"minecraft:mined":{"luminousworld:savannah_soil":8,"minecraft:glass_pane":8,"minecraft:acacia_leaves":7,"minecraft:white_bed":3,"iceandfire:silver_ore":2,"minecraft:amethyst_cluster":3,"minecraft:crafting_table":4,"minecraft:torch":1,"luminousworld:savannah_grass_1":1,"minecraft:acacia_log":36,"minecraft:grass_block":2,"minecraft:calcite":12,"minecraft:tall_grass":1,"minecraft:copper_ore":6,"minecraft:cobblestone":2,"minecraft:sugar_cane":3,"minecraft:diorite":126,"minecraft:amethyst_block":20,"minecraft:furnace":1,"minecraft:iron_ore":27,"minecraft:andesite":128,"minecraft:deepslate_lapis_ore":2,"minecraft:gold_block":1,"minecraft:grass":16,"minecraft:oak_log":1,"minecraft:coal_ore":56,"minecraft:deepslate_iron_ore":1,"minecraft:stripped_acacia_log":1,"minecraft:smooth_basalt":16,"minecraft:stone":870,"luminousworld:savannah_grass_4":1,"minecraft:gold_ore":7,"minecraft:deepslate":93},"minecraft:used":{"minecraft:cooked_mutton":6,"minecraft:stone_sword":93,"iceandfire:armor_copper_metal_leggings":1,"minecraft:stone_pickaxe":140,"minecraft:shield":7,"minecraft:wooden_pickaxe":49,"vanillaplustools:stone_hammer":131,"minecraft:torch":32,"iceandfire:armor_copper_metal_boots":1,"minecraft:dirt":1,"minecraft:spyglass":16,"minecraft:crafting_table":5,"minecraft:white_bed":5,"born_in_chaos_v1:corpse_maggot":4,"minecraft:iron_pickaxe":64,"minecraft:stone_axe":46,"minecraft:cobblestone":37,"luminousworld:savannah_soil":5,"iceandfire:armor_copper_metal_helmet":2,"minecraft:cooked_porkchop":1,"minecraft:furnace":3,"minecraft:andesite":3,"tombstone:gift":1,"quark:oak_chest":1,"minecraft:cooked_beef":2},"minecraft:picked_up":{"iceandfire:dragon_skull_lightning":1,"born_in_chaos_v1:corpse_maggot":4,"minecraft:crafting_table":4,"minecraft:iron_chestplate":1,"minecraft:andesite":125,"minecraft:leather":1,"minecraft:gold_block":1,"minecraft:oak_log":1,"iceandfire:armor_copper_metal_helmet":1,"minecraft:amethyst_block":20,"minecraft:lapis_lazuli":14,"minecraft:dirt":2,"minecraft:raw_copper":21,"minecraft:cooked_mutton":6,"minecraft:bone":4,"minecraft:wheat_seeds":1,"minecraft:cobbled_deepslate":78,"minecraft:raw_gold":7,"minecraft:beef":3,"tombstone:bag_of_seeds":1,"minecraft:calcite":12,"minecraft:sugar_cane":5,"minecraft:oak_planks":16,"minecraft:furnace":1,"iceandfire:dragonbone":38,"minecraft:raw_iron":27,"minecraft:smooth_basalt":11,"minecraft:torch":4,"minecraft:acacia_log":36,"luminousworld:savannah_soil":7,"minecraft:porkchop":7,"minecraft:amethyst_shard":12,"tombstone:grave_dust":2,"minecraft:diorite":125,"minecraft:white_bed":3,"alexsmobs:animal_dictionary":1,"minecraft:stripped_acacia_log":1,"minecraft:arrow":2,"minecraft:rotten_flesh":6,"minecraft:gray_wool":1,"minecraft:coal":83,"minecraft:mutton":9,"minecraft:white_wool":6,"iceandfire:raw_silver":2,"minecraft:cobblestone":752}},"DataVersion":3465}