{"stats":{"minecraft:dropped":{"minecraft:wheat_seeds":1,"minecraft:rotten_flesh":3,"minecraft:cooked_mutton":2,"minecraft:mutton":1,"minecraft:iron_leggings":1,"minecraft:arrow":1,"minecraft:iron_pickaxe":1},"minecraft:broken":{"minecraft:wooden_pickaxe":1},"minecraft:killed":{"minecraft:pig":4,"enemyexpansion:sprinter":1,"enemyexpansion:direwolf":3,"minecraft:sheep":6,"minecraft:skeleton":1,"minecraft:zombie":1,"born_in_chaos_v1:corpse_fly":2,"luminousworld:charaxes":1,"minecraft:cow":1},"minecraft:killed_by":{"enemyexpansion:sprinter":2},"minecraft:custom":{"minecraft:interact_with_furnace":5,"minecraft:mob_kills":20,"minecraft:interact_with_crafting_table":13,"minecraft:leave_game":2,"minecraft:time_since_death":25253,"minecraft:sleep_in_bed":3,"minecraft:time_since_rest":25143,"minecraft:sprint_one_cm":62120,"minecraft:damage_taken":1072,"minecraft:walk_one_cm":101833,"minecraft:drop":8,"minecraft:damage_dealt":2266,"minecraft:fly_one_cm":38228,"minecraft:open_chest":6,"minecraft:crouch_one_cm":4286,"minecraft:play_time":47370,"tombstone:undead_killed":3,"minecraft:deaths":2,"minecraft:sneak_time":2332,"minecraft:jump":457,"minecraft:walk_on_water_one_cm":3251,"minecraft:total_world_time":47370,"minecraft:fall_one_cm":10464},"minecraft:crafted":{"vanillaplustools:stone_hammer":1,"minecraft:crafting_table":1,"minecraft:wooden_pickaxe":1,"minecraft:furnace":1,"minecraft:stone_axe":1,"minecraft:cooked_mutton":2,"minecraft:air":0,"minecraft:shield":1,"minecraft:stick":36,"quark:oak_chest":1,"minecraft:iron_ingot":14,"minecraft:iron_pickaxe":2,"minecraft:stone_pickaxe":10,"minecraft:stone_sword":1,"minecraft:iron_leggings":1,"minecraft:white_bed":2,"minecraft:acacia_planks":32,"minecraft:torch":24},"minecraft:mined":{"minecraft:acacia_leaves":1,"minecraft:white_bed":2,"iceandfire:silver_ore":2,"minecraft:amethyst_cluster":3,"minecraft:crafting_table":4,"minecraft:torch":1,"minecraft:acacia_log":8,"minecraft:grass_block":1,"minecraft:calcite":12,"minecraft:copper_ore":6,"minecraft:cobblestone":2,"minecraft:diorite":64,"minecraft:amethyst_block":20,"minecraft:furnace":1,"minecraft:iron_ore":14,"minecraft:andesite":107,"minecraft:deepslate_lapis_ore":2,"minecraft:grass":6,"minecraft:coal_ore":56,"minecraft:deepslate_iron_ore":1,"minecraft:smooth_basalt":16,"minecraft:stone":587,"minecraft:deepslate":93},"minecraft:used":{"minecraft:cooked_mutton":6,"minecraft:stone_sword":47,"minecraft:stone_pickaxe":140,"minecraft:wooden_pickaxe":49,"vanillaplustools:stone_hammer":92,"minecraft:torch":25,"minecraft:dirt":1,"minecraft:crafting_table":5,"minecraft:white_bed":4,"minecraft:stone_axe":6,"minecraft:cobblestone":26,"minecraft:furnace":2,"minecraft:andesite":3,"tombstone:gift":1,"quark:oak_chest":1},"minecraft:picked_up":{"born_in_chaos_v1:corpse_maggot":4,"minecraft:crafting_table":4,"minecraft:iron_chestplate":1,"minecraft:andesite":104,"minecraft:leather":1,"minecraft:amethyst_block":20,"minecraft:lapis_lazuli":14,"minecraft:dirt":1,"minecraft:raw_copper":21,"minecraft:cooked_mutton":6,"minecraft:bone":2,"minecraft:wheat_seeds":1,"minecraft:cobbled_deepslate":78,"minecraft:beef":3,"minecraft:calcite":12,"minecraft:oak_planks":16,"minecraft:furnace":1,"minecraft:raw_iron":14,"minecraft:smooth_basalt":11,"minecraft:torch":3,"minecraft:acacia_log":8,"minecraft:porkchop":7,"minecraft:amethyst_shard":12,"tombstone:grave_dust":2,"minecraft:diorite":63,"minecraft:white_bed":2,"alexsmobs:animal_dictionary":1,"minecraft:arrow":1,"minecraft:rotten_flesh":3,"minecraft:gray_wool":1,"minecraft:coal":83,"minecraft:mutton":9,"minecraft:white_wool":6,"iceandfire:raw_silver":2,"minecraft:cobblestone":476}},"DataVersion":3465}