{"stats":{"minecraft:dropped":{"minecraft:wheat_seeds":1,"minecraft:dirt":1,"minecraft:mutton":1,"minecraft:iron_leggings":1,"minecraft:iron_pickaxe":1,"minecraft:spyglass":1,"minecraft:rotten_flesh":3,"iceandfire:armor_copper_metal_helmet":1,"minecraft:cooked_mutton":2,"minecraft:arrow":1},"minecraft:broken":{"minecraft:stone_sword":1,"minecraft:wooden_pickaxe":1,"vanillaplustools:stone_hammer":1,"minecraft:stone_axe":1},"minecraft:killed_by":{"undead_revamp2:thehorrors":3,"undead_revamp2:thehunter":2,"enemyexpansion:sprinter":2},"minecraft:killed":{"undead_revamp2:thehunter":2,"enemyexpansion:direwolf":3,"minecraft:skeleton":2,"luminousworld:charaxes":1,"minecraft:pig":4,"enemyexpansion:sprinter":1,"minecraft:sheep":7,"undead_revamp2:thesomnolence":1,"minecraft:zombie":1,"iceandfire:ghost":2,"born_in_chaos_v1:corpse_fly":2,"minecraft:cow":1},"minecraft:custom":{"minecraft:mob_kills":28,"minecraft:interact_with_crafting_table":45,"minecraft:eat_cake_slice":6,"minecraft:leave_game":2,"minecraft:time_since_death":32865,"minecraft:sprint_one_cm":171827,"minecraft:walk_one_cm":229784,"minecraft:damage_blocked_by_shield":1740,"minecraft:drop":11,"minecraft:talked_to_villager":1,"minecraft:play_time":119370,"minecraft:deaths":7,"minecraft:sneak_time":6818,"minecraft:jump":1243,"minecraft:walk_on_water_one_cm":3290,"minecraft:total_world_time":119370,"minecraft:interact_with_furnace":39,"minecraft:sleep_in_bed":5,"minecraft:time_since_rest":20688,"minecraft:damage_taken":2912,"minecraft:damage_dealt":4522,"minecraft:fly_one_cm":166295,"minecraft:open_chest":77,"minecraft:crouch_one_cm":15972,"tombstone:undead_killed":8,"minecraft:interact_with_smoker":1,"minecraft:fall_one_cm":27912},"minecraft:crafted":{"minecraft:oak_planks":4,"minecraft:stone_shovel":1,"vanillaplustools:stone_hammer":2,"minecraft:spyglass":2,"minecraft:furnace":4,"iceandfire:armor_copper_metal_leggings":1,"iceandfire:armor_copper_metal_boots":1,"minecraft:cooked_mutton":9,"iceandfire:armor_copper_metal_helmet":1,"quark:acacia_chest":5,"minecraft:iron_axe":1,"minecraft:stone_pickaxe":19,"minecraft:wheat":117,"minecraft:cooked_beef":3,"minecraft:cooked_porkchop":7,"minecraft:crafting_table":1,"minecraft:wooden_pickaxe":1,"minecraft:copper_ingot":21,"minecraft:stone_axe":1,"minecraft:bread":62,"minecraft:air":0,"minecraft:shield":1,"minecraft:stick":72,"quark:oak_chest":1,"minecraft:iron_ingot":18,"minecraft:iron_pickaxe":2,"minecraft:stone_sword":1,"minecraft:iron_shovel":1,"minecraft:iron_leggings":1,"minecraft:gold_ingot":9,"minecraft:white_bed":2,"minecraft:acacia_planks":148,"minecraft:torch":60,"luminousworld:baobab_plank":300},"minecraft:mined":{"minecraft:white_bed":3,"iceandfire:silver_ore":6,"minecraft:granite":5,"minecraft:acacia_log":36,"luminousworld:bao_bob_wood":18,"minecraft:grass_block":2,"luminousworld:savanna_grass_2":1,"minecraft:hay_block":17,"minecraft:furnace":2,"minecraft:iron_ore":29,"minecraft:andesite":179,"minecraft:deepslate_lapis_ore":2,"minecraft:gold_block":1,"minecraft:bookshelf":3,"minecraft:deepslate_iron_ore":1,"minecraft:stripped_acacia_log":1,"minecraft:stone":1514,"luminousworld:savannah_soil":19,"minecraft:acacia_leaves":7,"minecraft:scaffolding":1,"minecraft:glass_pane":12,"minecraft:amethyst_cluster":3,"minecraft:crafting_table":4,"minecraft:torch":2,"luminousworld:savannah_grass_1":2,"minecraft:calcite":12,"minecraft:copper_ore":6,"minecraft:tall_grass":2,"minecraft:cobblestone":18,"minecraft:sugar_cane":5,"minecraft:diorite":132,"minecraft:wall_torch":1,"minecraft:amethyst_block":20,"minecraft:wheat":110,"luminousworld:bao_bob_log":58,"minecraft:grass":16,"minecraft:coal_ore":128,"minecraft:oak_log":1,"minecraft:acacia_fence":2,"luminousworld:bao_bab_leaves":1,"minecraft:gravel":21,"minecraft:smooth_basalt":16,"luminousworld:savannah_grass_4":4,"luminousworld:elephant_grass":1,"minecraft:gold_ore":7,"minecraft:deepslate":93},"minecraft:used":{"minecraft:stone_sword":244,"minecraft:iron_shovel":1,"iceandfire:armor_copper_metal_leggings":1,"minecraft:stone_shovel":33,"minecraft:shield":18,"vanillaplustools:stone_hammer":218,"minecraft:torch":46,"iceandfire:armor_copper_metal_boots":1,"minecraft:dirt":1,"minecraft:spyglass":27,"minecraft:obsidian":2,"born_in_chaos_v1:corpse_maggot":4,"minecraft:golden_sword":9,"luminousworld:savannah_soil":5,"minecraft:furnace":6,"iceandfire:armor_copper_metal_helmet":2,"tombstone:gift":2,"minecraft:stone_pressure_plate":1,"minecraft:cooked_beef":2,"minecraft:cooked_mutton":6,"minecraft:stone_pickaxe":140,"minecraft:wooden_pickaxe":49,"quark:acacia_chest":5,"minecraft:crafting_table":5,"minecraft:white_bed":5,"minecraft:bread":2,"minecraft:iron_pickaxe":108,"minecraft:stone_axe":130,"minecraft:cobblestone":107,"minecraft:cooked_porkchop":2,"minecraft:andesite":3,"quark:oak_chest":1},"minecraft:picked_up":{"iceandfire:dragon_skull_lightning":1,"minecraft:iron_chestplate":1,"minecraft:crafting_table":4,"minecraft:wheat":71,"luminousworld:bao_bob_wood":18,"minecraft:gold_block":1,"minecraft:amethyst_block":20,"minecraft:raw_copper":21,"minecraft:item_frame":1,"minecraft:cobbled_deepslate":78,"minecraft:beef":3,"minecraft:calcite":12,"minecraft:sugar_cane":8,"minecraft:furnace":2,"minecraft:raw_iron":29,"iceandfire:dragonbone":38,"minecraft:acacia_fence":2,"minecraft:torch":6,"minecraft:acacia_log":36,"luminousworld:savannah_soil":18,"minecraft:porkchop":7,"tombstone:grave_dust":2,"minecraft:diorite":131,"minecraft:stone_pressure_plate":1,"minecraft:arrow":2,"minecraft:rotten_flesh":6,"minecraft:hay_block":13,"minecraft:mutton":10,"minecraft:white_wool":7,"minecraft:cobblestone":1550,"born_in_chaos_v1:corpse_maggot":4,"minecraft:andesite":176,"minecraft:leather":1,"minecraft:oak_log":1,"iceandfire:armor_copper_metal_helmet":1,"minecraft:lapis_lazuli":14,"minecraft:dirt":2,"minecraft:cooked_mutton":6,"minecraft:bone":4,"minecraft:wheat_seeds":170,"minecraft:raw_gold":7,"tombstone:bag_of_seeds":1,"minecraft:oak_planks":16,"minecraft:book":9,"minecraft:smooth_basalt":11,"minecraft:gravel":17,"minecraft:amethyst_shard":12,"minecraft:white_bed":3,"alexsmobs:animal_dictionary":1,"minecraft:stripped_acacia_log":1,"minecraft:diamond":1,"minecraft:granite":5,"minecraft:gray_wool":1,"luminousworld:bao_bob_log":57,"minecraft:coal":155,"iceandfire:raw_silver":6}},"DataVersion":3465}