{"stats":{"minecraft:dropped":{"minecraft:spyglass":1,"minecraft:wheat_seeds":1,"minecraft:rotten_flesh":3,"iceandfire:armor_copper_metal_helmet":1,"minecraft:cooked_mutton":2,"minecraft:mutton":1,"minecraft:iron_leggings":1,"minecraft:arrow":1,"minecraft:iron_pickaxe":1},"minecraft:broken":{"vanillaplustools:stone_hammer":1,"minecraft:wooden_pickaxe":1},"minecraft:killed":{"minecraft:pig":4,"enemyexpansion:sprinter":1,"enemyexpansion:direwolf":3,"minecraft:sheep":6,"minecraft:skeleton":1,"undead_revamp2:thesomnolence":1,"minecraft:zombie":1,"born_in_chaos_v1:corpse_fly":2,"luminousworld:charaxes":1,"minecraft:cow":1},"minecraft:killed_by":{"undead_revamp2:thehunter":1,"enemyexpansion:sprinter":2},"minecraft:custom":{"minecraft:interact_with_furnace":24,"minecraft:mob_kills":21,"minecraft:interact_with_crafting_table":28,"minecraft:leave_game":2,"minecraft:time_since_death":1325,"minecraft:sleep_in_bed":3,"minecraft:time_since_rest":731,"minecraft:sprint_one_cm":76238,"minecraft:damage_taken":1468,"minecraft:walk_one_cm":132703,"minecraft:damage_blocked_by_shield":630,"minecraft:drop":10,"minecraft:damage_dealt":2513,"minecraft:fly_one_cm":58929,"minecraft:open_chest":26,"minecraft:crouch_one_cm":5134,"minecraft:play_time":59370,"tombstone:undead_killed":3,"minecraft:deaths":3,"minecraft:sneak_time":2707,"minecraft:jump":653,"minecraft:walk_on_water_one_cm":3251,"minecraft:total_world_time":59370,"minecraft:fall_one_cm":13708},"minecraft:crafted":{"minecraft:cooked_beef":3,"vanillaplustools:stone_hammer":1,"minecraft:cooked_porkchop":7,"minecraft:crafting_table":1,"minecraft:spyglass":2,"minecraft:wooden_pickaxe":1,"minecraft:furnace":2,"iceandfire:armor_copper_metal_leggings":1,"minecraft:copper_ingot":21,"minecraft:stone_axe":1,"iceandfire:armor_copper_metal_helmet":1,"minecraft:cooked_mutton":2,"minecraft:air":0,"iceandfire:armor_copper_metal_boots":1,"minecraft:shield":1,"minecraft:stick":44,"quark:oak_chest":1,"minecraft:iron_ingot":14,"minecraft:iron_pickaxe":2,"minecraft:stone_pickaxe":10,"minecraft:stone_sword":1,"minecraft:iron_leggings":1,"minecraft:white_bed":2,"minecraft:acacia_planks":32,"minecraft:torch":60},"minecraft:mined":{"luminousworld:savannah_soil":6,"minecraft:acacia_leaves":5,"minecraft:white_bed":2,"iceandfire:silver_ore":2,"minecraft:amethyst_cluster":3,"minecraft:crafting_table":4,"minecraft:torch":1,"minecraft:acacia_log":21,"minecraft:grass_block":1,"minecraft:calcite":12,"minecraft:copper_ore":6,"minecraft:cobblestone":2,"minecraft:diorite":126,"minecraft:amethyst_block":20,"minecraft:furnace":1,"minecraft:iron_ore":27,"minecraft:andesite":128,"minecraft:deepslate_lapis_ore":2,"minecraft:grass":16,"minecraft:oak_log":1,"minecraft:coal_ore":56,"minecraft:deepslate_iron_ore":1,"minecraft:smooth_basalt":16,"minecraft:stone":870,"minecraft:gold_ore":7,"minecraft:deepslate":93},"minecraft:used":{"minecraft:cooked_mutton":6,"minecraft:stone_sword":61,"iceandfire:armor_copper_metal_leggings":1,"minecraft:stone_pickaxe":140,"minecraft:shield":6,"minecraft:wooden_pickaxe":49,"vanillaplustools:stone_hammer":131,"minecraft:torch":32,"iceandfire:armor_copper_metal_boots":1,"minecraft:dirt":1,"minecraft:spyglass":6,"minecraft:crafting_table":5,"minecraft:white_bed":4,"born_in_chaos_v1:corpse_maggot":4,"minecraft:iron_pickaxe":63,"minecraft:stone_axe":26,"minecraft:cobblestone":34,"luminousworld:savannah_soil":5,"iceandfire:armor_copper_metal_helmet":2,"minecraft:cooked_porkchop":1,"minecraft:furnace":3,"minecraft:andesite":3,"tombstone:gift":1,"quark:oak_chest":1},"minecraft:picked_up":{"born_in_chaos_v1:corpse_maggot":4,"minecraft:crafting_table":4,"minecraft:iron_chestplate":1,"minecraft:andesite":125,"minecraft:leather":1,"minecraft:oak_log":1,"iceandfire:armor_copper_metal_helmet":1,"minecraft:amethyst_block":20,"minecraft:lapis_lazuli":14,"minecraft:dirt":1,"minecraft:raw_copper":21,"minecraft:cooked_mutton":6,"minecraft:bone":2,"minecraft:wheat_seeds":1,"minecraft:cobbled_deepslate":78,"minecraft:raw_gold":7,"minecraft:beef":3,"minecraft:calcite":12,"minecraft:oak_planks":16,"minecraft:furnace":1,"minecraft:raw_iron":27,"minecraft:smooth_basalt":11,"minecraft:torch":4,"minecraft:acacia_log":21,"luminousworld:savannah_soil":5,"minecraft:porkchop":7,"minecraft:amethyst_shard":12,"tombstone:grave_dust":2,"minecraft:diorite":125,"minecraft:white_bed":2,"alexsmobs:animal_dictionary":1,"minecraft:arrow":1,"minecraft:rotten_flesh":3,"minecraft:gray_wool":1,"minecraft:coal":83,"minecraft:mutton":9,"minecraft:white_wool":6,"iceandfire:raw_silver":2,"minecraft:cobblestone":752}},"DataVersion":3465}