{"stats":{"minecraft:dropped":{"minecraft:mutton":1},"minecraft:broken":{"minecraft:wooden_pickaxe":1},"minecraft:killed_by":{"enemyexpansion:sprinter":2},"minecraft:killed":{"minecraft:sheep":6,"minecraft:zombie":1,"minecraft:pig":4,"enemyexpansion:sprinter":1,"enemyexpansion:direwolf":3,"luminousworld:charaxes":1,"minecraft:cow":1},"minecraft:custom":{"minecraft:time_since_rest":1143,"minecraft:interact_with_furnace":2,"minecraft:sprint_one_cm":30166,"minecraft:damage_taken":720,"minecraft:walk_one_cm":57118,"minecraft:mob_kills":17,"minecraft:drop":1,"minecraft:damage_dealt":1901,"minecraft:interact_with_crafting_table":7,"minecraft:fly_one_cm":30608,"minecraft:deaths":2,"minecraft:crouch_one_cm":3160,"minecraft:play_time":23370,"tombstone:undead_killed":2,"minecraft:sneak_time":1819,"minecraft:jump":290,"minecraft:leave_game":2,"minecraft:time_since_death":1253,"minecraft:sleep_in_bed":3,"minecraft:total_world_time":23370,"minecraft:fall_one_cm":7593},"minecraft:crafted":{"minecraft:crafting_table":1,"minecraft:stick":16,"minecraft:wooden_pickaxe":1,"minecraft:stone_pickaxe":1,"minecraft:stone_sword":1,"minecraft:furnace":1,"minecraft:white_bed":2,"minecraft:acacia_planks":32,"minecraft:torch":4,"minecraft:stone_axe":1,"minecraft:air":0,"minecraft:cooked_mutton":2},"minecraft:mined":{"minecraft:acacia_leaves":1,"minecraft:white_bed":2,"minecraft:torch":1,"minecraft:crafting_table":4,"minecraft:grass":6,"minecraft:acacia_log":8,"minecraft:grass_block":1,"minecraft:coal_ore":30,"minecraft:copper_ore":4,"minecraft:stone":63},"minecraft:used":{"minecraft:cooked_mutton":2,"minecraft:stone_sword":38,"minecraft:stone_pickaxe":63,"minecraft:wooden_pickaxe":49,"minecraft:stone_axe":6,"minecraft:torch":5,"minecraft:dirt":1,"minecraft:crafting_table":4,"minecraft:furnace":1,"tombstone:gift":1,"minecraft:white_bed":4},"minecraft:picked_up":{"minecraft:iron_chestplate":1,"minecraft:crafting_table":4,"minecraft:leather":1,"minecraft:torch":1,"minecraft:acacia_log":8,"minecraft:porkchop":7,"tombstone:grave_dust":2,"minecraft:white_bed":2,"minecraft:dirt":1,"alexsmobs:animal_dictionary":1,"minecraft:raw_copper":11,"minecraft:rotten_flesh":3,"minecraft:wheat_seeds":1,"minecraft:beef":3,"minecraft:gray_wool":1,"minecraft:mutton":9,"minecraft:coal":34,"minecraft:white_wool":6,"minecraft:cobblestone":61}},"DataVersion":3465}