{"stats":{"minecraft:dropped":{"minecraft:mutton":1},"minecraft:broken":{"minecraft:wooden_pickaxe":1},"minecraft:killed":{"minecraft:pig":4,"enemyexpansion:sprinter":1,"enemyexpansion:direwolf":3,"minecraft:sheep":6,"minecraft:zombie":1,"luminousworld:charaxes":1,"minecraft:cow":1},"minecraft:killed_by":{"enemyexpansion:sprinter":2},"minecraft:custom":{"minecraft:interact_with_furnace":2,"minecraft:mob_kills":17,"minecraft:interact_with_crafting_table":9,"minecraft:leave_game":2,"minecraft:time_since_death":13253,"minecraft:sleep_in_bed":3,"minecraft:time_since_rest":13143,"minecraft:sprint_one_cm":38283,"minecraft:damage_taken":816,"minecraft:walk_one_cm":78544,"minecraft:drop":1,"minecraft:damage_dealt":1901,"minecraft:fly_one_cm":36453,"minecraft:crouch_one_cm":4045,"minecraft:play_time":35370,"tombstone:undead_killed":2,"minecraft:deaths":2,"minecraft:sneak_time":2216,"minecraft:jump":355,"minecraft:total_world_time":35370,"minecraft:fall_one_cm":10464},"minecraft:crafted":{"vanillaplustools:stone_hammer":1,"minecraft:crafting_table":1,"minecraft:wooden_pickaxe":1,"minecraft:furnace":1,"minecraft:stone_axe":1,"minecraft:cooked_mutton":2,"minecraft:air":0,"minecraft:stick":32,"minecraft:stone_pickaxe":10,"minecraft:stone_sword":1,"minecraft:white_bed":2,"minecraft:acacia_planks":32,"minecraft:torch":24},"minecraft:mined":{"minecraft:acacia_leaves":1,"minecraft:white_bed":2,"iceandfire:silver_ore":2,"minecraft:amethyst_cluster":2,"minecraft:crafting_table":4,"minecraft:torch":1,"minecraft:acacia_log":8,"minecraft:grass_block":1,"minecraft:calcite":12,"minecraft:copper_ore":6,"minecraft:cobblestone":2,"minecraft:diorite":64,"minecraft:amethyst_block":20,"minecraft:furnace":1,"minecraft:iron_ore":6,"minecraft:andesite":26,"minecraft:grass":6,"minecraft:coal_ore":40,"minecraft:deepslate_iron_ore":1,"minecraft:smooth_basalt":16,"minecraft:stone":443,"minecraft:deepslate":92},"minecraft:used":{"minecraft:cooked_mutton":2,"minecraft:stone_sword":38,"minecraft:stone_pickaxe":135,"minecraft:wooden_pickaxe":49,"vanillaplustools:stone_hammer":64,"minecraft:torch":21,"minecraft:dirt":1,"minecraft:crafting_table":5,"minecraft:white_bed":4,"minecraft:stone_axe":6,"minecraft:cobblestone":5,"minecraft:furnace":2,"tombstone:gift":1},"minecraft:picked_up":{"minecraft:crafting_table":4,"minecraft:iron_chestplate":1,"minecraft:andesite":26,"minecraft:leather":1,"minecraft:amethyst_block":20,"minecraft:dirt":1,"minecraft:raw_copper":21,"minecraft:cooked_mutton":6,"minecraft:wheat_seeds":1,"minecraft:cobbled_deepslate":75,"minecraft:beef":3,"minecraft:calcite":12,"minecraft:furnace":1,"minecraft:raw_iron":6,"minecraft:smooth_basalt":11,"minecraft:torch":1,"minecraft:acacia_log":8,"minecraft:porkchop":7,"minecraft:amethyst_shard":8,"tombstone:grave_dust":2,"minecraft:diorite":63,"minecraft:white_bed":2,"alexsmobs:animal_dictionary":1,"minecraft:rotten_flesh":3,"minecraft:gray_wool":1,"minecraft:coal":67,"minecraft:mutton":9,"minecraft:white_wool":6,"iceandfire:raw_silver":2,"minecraft:cobblestone":403}},"DataVersion":3465}