{"stats":{"minecraft:dropped":{"alexsmobs:animal_dictionary":1,"minecraft:wooden_pickaxe":2,"minecraft:white_wool":1},"minecraft:killed_by":{"enemyexpansion:sprinter":1},"minecraft:killed":{"minecraft:sheep":1,"luminousworld:charaxes":1,"minecraft:cow":2},"minecraft:custom":{"minecraft:time_since_rest":11368,"minecraft:sprint_one_cm":44954,"minecraft:damage_taken":390,"minecraft:walk_one_cm":71712,"minecraft:mob_kills":4,"minecraft:drop":4,"minecraft:damage_dealt":329,"minecraft:interact_with_crafting_table":10,"minecraft:fly_one_cm":62757,"minecraft:crouch_one_cm":176,"minecraft:play_time":24673,"minecraft:deaths":1,"minecraft:sneak_time":51,"minecraft:jump":509,"minecraft:time_since_death":13105,"minecraft:sleep_in_bed":1,"minecraft:total_world_time":24673,"minecraft:fall_one_cm":12337},"minecraft:crafted":{"minecraft:oak_planks":20,"vanillaplustools:stone_hammer":1,"minecraft:crafting_table":1,"minecraft:stick":32,"minecraft:wooden_pickaxe":1,"minecraft:stone_pickaxe":11,"minecraft:acacia_planks":20,"minecraft:torch":12,"minecraft:stone_axe":1},"minecraft:used":{"minecraft:stone_pickaxe":47,"minecraft:oak_planks":1,"minecraft:wooden_pickaxe":7,"vanillaplustools:stone_hammer":17,"minecraft:stone_axe":16,"minecraft:torch":14,"minecraft:cobblestone":5,"minecraft:mutton":2,"minecraft:beef":4,"minecraft:crafting_table":1,"alexsmobs:animal_dictionary":1},"minecraft:mined":{"minecraft:white_bed":1,"minecraft:iron_ore":5,"minecraft:crafting_table":1,"minecraft:torch":1,"minecraft:budding_amethyst":2,"minecraft:grass":4,"minecraft:acacia_log":6,"minecraft:coal_ore":34,"minecraft:oak_log":5,"minecraft:deepslate_iron_ore":3,"minecraft:deepslate_coal_ore":1,"minecraft:stone":64,"minecraft:oak_planks":1,"minecraft:wall_torch":1,"minecraft:deepslate":24,"minecraft:diorite":18,"minecraft:oak_leaves":1,"minecraft:amethyst_block":25},"minecraft:picked_up":{"minecraft:raw_iron":9,"minecraft:crafting_table":1,"minecraft:smooth_basalt":1,"minecraft:leather":2,"minecraft:torch":3,"minecraft:acacia_log":5,"minecraft:wooden_pickaxe":1,"minecraft:oak_log":5,"minecraft:diorite":19,"minecraft:white_bed":1,"minecraft:amethyst_block":20,"minecraft:cobbled_deepslate":26,"minecraft:beef":4,"minecraft:oak_planks":1,"minecraft:mutton":2,"minecraft:coal":31,"minecraft:white_wool":1,"minecraft:cobblestone":86,"minecraft:egg":2}},"DataVersion":3465}