{"stats":{"minecraft:mined":{"minecraft:white_bed":4,"iceandfire:silver_ore":8,"born_in_chaos_v1:infected_diamond_ore":1,"minecraft:granite":23,"minecraft:budding_amethyst":2,"minecraft:acacia_log":9,"luminousworld:grassvariant_2":2,"luminousworld:savanna_grass_2":5,"minecraft:chiseled_stone_bricks":2,"minecraft:spawner":1,"minecraft:potted_fern":1,"minecraft:hay_block":6,"minecraft:furnace":2,"minecraft:iron_ore":39,"minecraft:acacia_stairs":1,"minecraft:deepslate_iron_ore":3,"minecraft:vine":1,"minecraft:stone":916,"minecraft:white_wool":3,"luminousworld:savannah_soil":1,"minecraft:magenta_carpet":1,"minecraft:glass_pane":6,"minecraft:crafting_table":2,"minecraft:torch":5,"luminousworld:savannah_grass_1":5,"minecraft:poppy":2,"minecraft:tall_grass":1,"minecraft:copper_ore":15,"minecraft:cobblestone":29,"minecraft:deepslate_coal_ore":1,"minecraft:oak_planks":1,"minecraft:diorite":18,"minecraft:wall_torch":10,"minecraft:orange_carpet":2,"minecraft:amethyst_block":25,"supplementaries:urn":5,"minecraft:red_terracotta":3,"minecraft:wheat":190,"minecraft:stone_brick_stairs":3,"minecraft:grass":5,"minecraft:oak_log":11,"minecraft:coal_ore":52,"minecraft:gray_carpet":1,"minecraft:cobweb":2,"minecraft:stone_bricks":7,"luminousworld:savannah_grass_4":4,"luminousworld:elephant_grass":1,"minecraft:oak_leaves":2,"minecraft:deepslate":31,"luminousworld:savannah_ground":2},"minecraft:crafted":{"minecraft:oak_planks":44,"vanillaplustools:stone_hammer":1,"aether:golden_gloves":1,"vanillaplustools:iron_hammer":1,"minecraft:iron_boots":1,"minecraft:stone_pickaxe":11,"minecraft:wheat":72,"sophisticatedbackpacks:backpack":1,"minecraft:crafting_table":1,"minecraft:wooden_pickaxe":1,"minecraft:iron_helmet":1,"minecraft:stone_axe":1,"minecraft:bread":90,"minecraft:air":0,"aether:iron_gloves":1,"minecraft:iron_chestplate":1,"minecraft:shield":1,"quark:oak_chest":1,"minecraft:stick":68,"minecraft:iron_ingot":35,"minecraft:iron_pickaxe":9,"minecraft:acacia_planks":24,"minecraft:torch":56,"recipes_unlocked:totem_head":1,"iceandfire:silver_sword":1},"minecraft:picked_up":{"minecraft:crafting_table":3,"minecraft:wheat":227,"minecraft:flower_pot":1,"born_in_chaos_v1:seedof_chaos":2,"minecraft:wooden_pickaxe":1,"minecraft:stone_brick_stairs":4,"minecraft:chain":1,"minecraft:amethyst_block":20,"alexsmobs:gazelle_horn":1,"minecraft:string":3,"minecraft:raw_copper":64,"minecraft:iron_leggings":1,"minecraft:item_frame":1,"minecraft:cobbled_deepslate":33,"minecraft:gold_nugget":18,"minecraft:beef":23,"minecraft:poppy":3,"minecraft:iron_pickaxe":1,"minecraft:furnace":2,"minecraft:egg":4,"minecraft:stick":4,"minecraft:raw_iron":43,"iceandfire:dragonbone":8,"minecraft:torch":18,"minecraft:acacia_log":8,"luminousworld:savannah_soil":1,"tombstone:grave_dust":2,"minecraft:diorite":19,"aether:golden_gloves":1,"born_in_chaos_v1:pieceofdarkmetal":4,"minecraft:arrow":5,"minecraft:rotten_flesh":11,"minecraft:hay_block":9,"supplementaries:ash":3,"minecraft:gold_ingot":9,"minecraft:mutton":4,"minecraft:cobblestone":1213,"alexsmobs:kangaroo_meat":2,"minecraft:white_wool":1,"born_in_chaos_v1:corpse_maggot":2,"luminousworld:savannah_ground":2,"minecraft:lilac":1,"minecraft:orange_carpet":4,"minecraft:leather":7,"minecraft:oak_log":11,"minecraft:gunpowder":3,"iceandfire:armor_copper_metal_helmet":1,"minecraft:cooked_mutton":3,"minecraft:bone":17,"minecraft:apple":2,"minecraft:gray_carpet":1,"minecraft:bow":1,"minecraft:wheat_seeds":210,"minecraft:stone_pickaxe":2,"minecraft:iron_ingot":18,"minecraft:oak_planks":1,"minecraft:smooth_basalt":4,"minecraft:spyglass":2,"minecraft:gravel":1,"minecraft:white_bed":4,"minecraft:acacia_stairs":1,"minecraft:bundle":2,"alexsmobs:kangaroo_hide":2,"minecraft:granite":23,"minecraft:emerald":18,"minecraft:coal":131,"iceandfire:raw_silver":8},"minecraft:killed":{"undead_revamp2:thehunter":1,"born_in_chaos_v1:restless_spirit":2,"born_in_chaos_v1:zombie_bruiser":1,"born_in_chaos_v1:maggot":2,"minecraft:skeleton":1,"alexsmobs:bison":1,"undead_revamp2:thehorrors":1,"luminousworld:charaxes":1,"luminousworld:savannah_zombie":2,"alexsmobs:kangaroo":1,"minecraft:husk":4,"born_in_chaos_v1:diamond_termite":1,"earthmobsmod:cream_cow":5,"born_in_chaos_v1:decrepit_skeleton":1,"minecraft:sheep":2,"born_in_chaos_v1:corpse_fly":1,"alexsmobs:gazelle":1,"enemyexpansion:huntsman":1,"minecraft:cow":3},"minecraft:dropped":{"minecraft:wheat_seeds":113,"minecraft:lilac":1,"minecraft:crafting_table":2,"minecraft:cobblestone":401,"minecraft:leather":1,"born_in_chaos_v1:pieceofdarkmetal":2,"minecraft:coal":53,"minecraft:emerald":9,"minecraft:stick":4,"minecraft:orange_carpet":2,"minecraft:torch":1,"tombstone:grave_key":1,"minecraft:mutton":2,"tombstone:grave_dust":1,"minecraft:gold_nugget":9,"minecraft:string":1,"minecraft:white_wool":1,"minecraft:bone":6,"minecraft:gravel":1,"minecraft:furnace":2,"minecraft:spyglass":1,"alexsmobs:animal_dictionary":1,"minecraft:raw_copper":10,"aether:golden_gloves":1,"minecraft:wheat":1,"minecraft:rotten_flesh":5,"minecraft:oak_planks":20,"iceandfire:armor_copper_metal_helmet":1,"alexsmobs:kangaroo_hide":2,"minecraft:poppy":3,"minecraft:bundle":1,"born_in_chaos_v1:corpse_maggot":2,"minecraft:stone_pickaxe":4,"minecraft:wooden_pickaxe":2,"minecraft:stone_brick_stairs":4,"minecraft:egg":4},"minecraft:used":{"iceandfire:silver_sword":277,"minecraft:shield":28,"vanillaplustools:stone_hammer":116,"minecraft:rotten_flesh":3,"minecraft:iron_chestplate":2,"minecraft:stick":1,"minecraft:torch":72,"minecraft:spyglass":62,"minecraft:mutton":2,"minecraft:chainmail_chestplate":1,"minecraft:item_frame":1,"minecraft:beef":4,"tombstone:gift":3,"minecraft:iron_leggings":1,"minecraft:cooked_mutton":3,"minecraft:amethyst_block":10,"minecraft:stone_pickaxe":49,"minecraft:oak_planks":1,"minecraft:wooden_pickaxe":7,"minecraft:crafting_table":2,"minecraft:white_bed":4,"minecraft:bread":52,"minecraft:iron_pickaxe":10,"minecraft:stone_axe":61,"minecraft:cobblestone":123,"vanillaplustools:iron_hammer":57,"minecraft:bucket":1,"alexsmobs:animal_dictionary":1},"minecraft:killed_by":{"undead_revamp2:theskeeper":1,"endermanoverhaul:cave_enderman":1,"born_in_chaos_v1:zombie_bruiser":1,"born_in_chaos_v1:corpse_fly":1,"undead_revamp2:thehorrors":2,"enemyexpansion:sprinter":1,"iceandfire:ghost":2,"endermanoverhaul:savanna_enderman":1,"enemyexpansion:invisicreeper":1},"minecraft:custom":{"minecraft:mob_kills":38,"minecraft:interact_with_crafting_table":29,"minecraft:open_barrel":4,"minecraft:bell_ring":2,"minecraft:damage_dealt_resisted":156,"minecraft:eat_cake_slice":8,"minecraft:leave_game":1,"minecraft:time_since_death":27049,"minecraft:climb_one_cm":400,"minecraft:sprint_one_cm":324071,"minecraft:walk_one_cm":507674,"minecraft:damage_blocked_by_shield":1935,"minecraft:drop":194,"minecraft:play_time":196089,"minecraft:sneak_time":2263,"minecraft:deaths":12,"minecraft:walk_under_water_one_cm":13509,"minecraft:jump":3565,"minecraft:walk_on_water_one_cm":23747,"minecraft:total_world_time":196089,"minecraft:interact_with_furnace":21,"minecraft:sleep_in_bed":5,"minecraft:time_since_rest":20390,"minecraft:damage_taken":6248,"minecraft:trigger_trapped_chest":2,"minecraft:damage_dealt":9543,"minecraft:swim_one_cm":25583,"minecraft:fly_one_cm":472647,"minecraft:open_chest":50,"minecraft:crouch_one_cm":3665,"tombstone:undead_killed":12,"minecraft:fall_one_cm":65728,"minecraft:horse_one_cm":2312737}},"DataVersion":3465}