{"stats":{"minecraft:mined":{"minecraft:dark_oak_planks":14,"minecraft:white_bed":4,"iceandfire:silver_ore":8,"born_in_chaos_v1:infected_diamond_ore":1,"minecraft:dark_oak_fence":2,"minecraft:granite":23,"minecraft:budding_amethyst":2,"minecraft:grass_block":5,"minecraft:acacia_log":9,"minecraft:white_stained_glass":1,"minecraft:coal_block":1,"minecraft:deepslate_bricks":1,"luminousworld:grassvariant_2":2,"minecraft:birch_slab":1,"luminousworld:savanna_grass_2":5,"minecraft:chiseled_stone_bricks":2,"minecraft:spawner":1,"minecraft:potted_fern":1,"minecraft:hay_block":20,"minecraft:furnace":3,"minecraft:dark_oak_trapdoor":2,"minecraft:iron_ore":39,"minecraft:fire":4,"minecraft:acacia_stairs":1,"minecraft:brown_bed":2,"minecraft:deepslate_iron_ore":3,"minecraft:vine":1,"minecraft:iron_bars":3,"minecraft:bamboo":1,"minecraft:stripped_mangrove_wood":5,"minecraft:stone":931,"minecraft:white_wool":3,"luminousworld:savannah_soil":1,"minecraft:magenta_carpet":1,"minecraft:glass_pane":6,"minecraft:crafting_table":3,"minecraft:torch":5,"luminousworld:savannah_grass_1":5,"minecraft:calcite":12,"minecraft:poppy":2,"minecraft:dead_bush":5,"minecraft:campfire":1,"minecraft:tall_grass":1,"minecraft:copper_ore":15,"minecraft:cobblestone":29,"minecraft:deepslate_coal_ore":1,"minecraft:cyan_bed":9,"minecraft:oak_planks":1,"minecraft:diorite":19,"minecraft:wall_torch":10,"minecraft:orange_carpet":2,"minecraft:amethyst_block":25,"supplementaries:urn":5,"minecraft:red_terracotta":3,"minecraft:dark_oak_slab":1,"minecraft:light_gray_stained_glass":3,"minecraft:wheat":190,"minecraft:stone_brick_stairs":3,"minecraft:grass":5,"minecraft:oak_log":11,"minecraft:coal_ore":52,"minecraft:cyan_carpet":1,"minecraft:gray_carpet":2,"luminousworld:palm_log":6,"minecraft:cobweb":2,"minecraft:stone_bricks":7,"minecraft:netherrack":1,"luminousworld:savannah_grass_4":4,"luminousworld:elephant_grass":1,"minecraft:fern":1,"minecraft:oak_leaves":2,"minecraft:deepslate":31,"luminousworld:savannah_ground":2},"minecraft:crafted":{"minecraft:oak_planks":44,"vanillaplustools:stone_hammer":1,"born_in_chaos_v1:nightmare_mantleofthe_night_boots":1,"minecraft:furnace":1,"aether:golden_gloves":1,"undead_revamp2:bostroxsword":1,"vanillaplustools:iron_hammer":1,"minecraft:iron_boots":1,"minecraft:stone_pickaxe":11,"sophisticatedbackpacks:iron_backpack":1,"luminousworld:palmplank":12,"minecraft:wheat":198,"sophisticatedbackpacks:backpack":1,"minecraft:crafting_table":3,"minecraft:wooden_pickaxe":1,"minecraft:iron_helmet":1,"minecraft:stone_axe":1,"minecraft:bread":140,"minecraft:air":0,"aether:iron_gloves":1,"minecraft:iron_chestplate":1,"minecraft:shield":1,"quark:oak_chest":1,"minecraft:stick":88,"minecraft:iron_ingot":35,"minecraft:iron_pickaxe":9,"undead_revamp2:bostroxset_helmet":1,"undead_revamp2:bostroxingot":3,"minecraft:acacia_planks":24,"minecraft:torch":116,"recipes_unlocked:totem_head":1,"iceandfire:silver_sword":1},"minecraft:picked_up":{"undead_revamp2:bostroxingot":4,"minecraft:crafting_table":4,"minecraft:wheat":227,"minecraft:red_sandstone_stairs":2,"minecraft:flower_pot":1,"born_in_chaos_v1:seedof_chaos":2,"minecraft:wooden_pickaxe":1,"minecraft:brown_bed":2,"minecraft:stone_brick_stairs":4,"minecraft:chain":1,"minecraft:amethyst_block":20,"alexsmobs:gazelle_horn":1,"minecraft:dark_oak_trapdoor":6,"minecraft:string":11,"minecraft:raw_copper":64,"minecraft:iron_leggings":1,"minecraft:item_frame":2,"luminousworld:palm_log":5,"minecraft:cyan_carpet":1,"minecraft:cobbled_deepslate":33,"minecraft:gold_nugget":18,"minecraft:beef":23,"minecraft:calcite":12,"minecraft:poppy":3,"minecraft:iron_pickaxe":1,"minecraft:furnace":3,"minecraft:egg":4,"minecraft:stick":9,"minecraft:raw_iron":43,"iceandfire:dragonbone":11,"minecraft:torch":19,"minecraft:acacia_log":8,"minecraft:fire_charge":2,"luminousworld:savannah_soil":1,"born_in_chaos_v1:nightmare_claw":2,"tombstone:grave_dust":2,"minecraft:diorite":20,"aether:golden_gloves":1,"born_in_chaos_v1:pieceofdarkmetal":4,"minecraft:dark_oak_planks":14,"minecraft:arrow":5,"minecraft:rotten_flesh":29,"minecraft:hay_block":23,"supplementaries:ash":4,"minecraft:gold_ingot":15,"minecraft:mutton":4,"minecraft:cobblestone":1229,"alexsmobs:kangaroo_meat":2,"minecraft:white_wool":1,"born_in_chaos_v1:corpse_maggot":6,"luminousworld:savannah_ground":2,"luminousworld:palmplank":6,"minecraft:lilac":1,"born_in_chaos_v1:monster_flesh":3,"minecraft:birch_slab":1,"minecraft:orange_carpet":4,"minecraft:leather":7,"minecraft:oak_log":11,"undead_revamp2:huntereye":1,"minecraft:gunpowder":3,"iceandfire:armor_copper_metal_helmet":1,"minecraft:dirt":5,"born_in_chaos_v1:monster_skin":2,"minecraft:cooked_mutton":3,"minecraft:bone":17,"minecraft:apple":2,"minecraft:gray_carpet":2,"minecraft:bow":1,"minecraft:wheat_seeds":211,"minecraft:stone_pickaxe":2,"minecraft:iron_ingot":23,"minecraft:glass_bottle":4,"minecraft:oak_planks":1,"quark:light_gray_shard":20,"minecraft:smooth_basalt":4,"minecraft:dark_oak_slab":1,"quark:white_shard":4,"iceandfire:dragon_skull_fire":1,"minecraft:spyglass":2,"minecraft:gravel":1,"minecraft:cyan_bed":2,"minecraft:white_bed":4,"minecraft:acacia_stairs":1,"undead_revamp2:rawbostrox":3,"minecraft:bundle":2,"alexsmobs:kangaroo_hide":2,"minecraft:chainmail_leggings":1,"minecraft:granite":23,"minecraft:golden_apple":1,"minecraft:emerald":18,"minecraft:dark_oak_fence":6,"minecraft:coal":131,"iceandfire:raw_silver":8},"minecraft:killed":{"undead_revamp2:thehunter":1,"enemyexpansion:equestrian":2,"illagerinvasion:firecaller":1,"born_in_chaos_v1:restless_spirit":3,"born_in_chaos_v1:zombie_bruiser":1,"born_in_chaos_v1:maggot":6,"minecraft:skeleton":1,"minecraft:drowned":1,"alexsmobs:bison":1,"undead_revamp2:thehorrors":1,"luminousworld:charaxes":1,"luminousworld:savannah_zombie":2,"alexsmobs:kangaroo":1,"minecraft:husk":5,"luminousworld:hollow":2,"born_in_chaos_v1:diamond_termite":1,"undead_revamp2:the_moonflower":2,"undead_revamp2:theheavy":1,"earthmobsmod:cream_cow":5,"born_in_chaos_v1:decrepit_skeleton":1,"minecraft:sheep":2,"iceandfire:ghost":1,"born_in_chaos_v1:corpse_fly":1,"alexsmobs:gazelle":1,"enemyexpansion:huntsman":1,"born_in_chaos_v1:nightmare_stalker":2,"minecraft:cow":3},"minecraft:broken":{"aether:iron_gloves":1,"minecraft:shield":1,"minecraft:iron_helmet":1},"minecraft:dropped":{"minecraft:golden_boots":1,"minecraft:enchanted_book":1,"minecraft:wheat_seeds":114,"minecraft:golden_helmet":1,"minecraft:lilac":1,"minecraft:glass_bottle":4,"minecraft:crafting_table":2,"minecraft:dark_oak_slab":1,"minecraft:cobblestone":401,"minecraft:leather":1,"born_in_chaos_v1:pieceofdarkmetal":2,"minecraft:coal":53,"minecraft:item_frame":1,"minecraft:emerald":9,"minecraft:stick":5,"minecraft:dirt":2,"quark:light_gray_shard":20,"minecraft:orange_carpet":4,"minecraft:diorite":1,"minecraft:dark_oak_fence":6,"minecraft:torch":1,"iceandfire:silver_sword":1,"tombstone:grave_key":1,"minecraft:mutton":2,"minecraft:dark_oak_trapdoor":6,"tombstone:grave_dust":1,"minecraft:iron_leggings":1,"minecraft:golden_hoe":1,"minecraft:gold_nugget":9,"minecraft:string":1,"minecraft:white_wool":1,"minecraft:gray_carpet":2,"minecraft:cyan_carpet":1,"minecraft:bone":6,"minecraft:gravel":1,"minecraft:furnace":2,"minecraft:spyglass":1,"alexsmobs:animal_dictionary":1,"minecraft:raw_copper":10,"aether:golden_gloves":1,"minecraft:wheat":1,"minecraft:rotten_flesh":23,"minecraft:oak_planks":20,"quark:white_shard":4,"iceandfire:armor_copper_metal_helmet":1,"minecraft:golden_shovel":1,"alexsmobs:kangaroo_hide":2,"minecraft:poppy":3,"supplementaries:ash":1,"minecraft:bundle":1,"born_in_chaos_v1:corpse_maggot":6,"minecraft:bow":1,"minecraft:stone_pickaxe":4,"minecraft:wooden_pickaxe":2,"minecraft:calcite":12,"minecraft:stone_brick_stairs":4,"minecraft:egg":4},"minecraft:used":{"iceandfire:silver_sword":383,"minecraft:shield":44,"vanillaplustools:stone_hammer":116,"minecraft:rotten_flesh":3,"minecraft:iron_chestplate":2,"minecraft:stick":1,"minecraft:torch":75,"minecraft:dirt":3,"minecraft:spyglass":126,"minecraft:mutton":2,"minecraft:chainmail_chestplate":1,"minecraft:item_frame":1,"minecraft:beef":4,"minecraft:furnace":1,"tombstone:gift":3,"minecraft:brown_bed":1,"minecraft:iron_leggings":1,"minecraft:cooked_mutton":3,"minecraft:water_bucket":11,"minecraft:amethyst_block":10,"minecraft:stone_pickaxe":49,"undead_revamp2:bostroxsword":36,"minecraft:oak_planks":1,"minecraft:wooden_pickaxe":7,"minecraft:crafting_table":5,"minecraft:white_bed":4,"minecraft:birch_slab":1,"minecraft:cyan_bed":2,"minecraft:bread":101,"minecraft:iron_pickaxe":57,"minecraft:stone_axe":93,"minecraft:cobblestone":164,"minecraft:potion":1,"vanillaplustools:iron_hammer":57,"minecraft:pumpkin_pie":3,"minecraft:bucket":12,"alexsmobs:animal_dictionary":1},"minecraft:killed_by":{"undead_revamp2:theskeeper":1,"iceandfire:deathworm":1,"endermanoverhaul:cave_enderman":2,"born_in_chaos_v1:zombie_bruiser":1,"born_in_chaos_v1:corpse_fly":1,"undead_revamp2:thehorrors":2,"enemyexpansion:sprinter":1,"iceandfire:lightning_dragon":2,"iceandfire:ghost":2,"endermanoverhaul:savanna_enderman":1,"enemyexpansion:invisicreeper":1,"iceandfire:myrmex_sentinel":1},"minecraft:custom":{"minecraft:mob_kills":61,"minecraft:interact_with_crafting_table":42,"minecraft:open_barrel":4,"minecraft:bell_ring":2,"minecraft:damage_dealt_resisted":176,"minecraft:eat_cake_slice":8,"minecraft:leave_game":1,"minecraft:time_since_death":23208,"minecraft:climb_one_cm":7816,"minecraft:sprint_one_cm":570690,"minecraft:walk_one_cm":755926,"minecraft:damage_blocked_by_shield":2415,"minecraft:drop":267,"minecraft:play_time":322089,"minecraft:sneak_time":2552,"minecraft:deaths":18,"minecraft:walk_under_water_one_cm":62153,"minecraft:jump":6240,"minecraft:walk_on_water_one_cm":104663,"minecraft:total_world_time":322089,"minecraft:interact_with_furnace":28,"minecraft:sleep_in_bed":9,"minecraft:time_since_rest":19754,"minecraft:damage_taken":10437,"minecraft:trigger_trapped_chest":2,"minecraft:damage_dealt":15272,"minecraft:swim_one_cm":61306,"minecraft:fly_one_cm":957205,"minecraft:open_chest":51,"minecraft:crouch_one_cm":3922,"tombstone:undead_killed":22,"minecraft:use_cauldron":1,"minecraft:fall_one_cm":130091,"minecraft:horse_one_cm":2312737}},"DataVersion":3465}