{"stats":{"minecraft:killed":{"born_in_chaos_v1:restless_spirit":3,"enemyexpansion:equestrian":2,"minecraft:skeleton":1,"luminousworld:charaxes":1,"alexsmobs:kangaroo":1,"luminousworld:hollow":2,"born_in_chaos_v1:diamond_termite":1,"undead_revamp2:theheavy":1,"minecraft:sheep":2,"minecraft:zombie":1,"born_in_chaos_v1:corpse_fly":1,"minecraft:cow":3,"undead_revamp2:thehunter":1,"illagerinvasion:firecaller":1,"born_in_chaos_v1:zombie_bruiser":1,"born_in_chaos_v1:maggot":6,"minecraft:drowned":1,"alexsmobs:bison":1,"undead_revamp2:thehorrors":1,"luminousworld:savannah_zombie":2,"minecraft:husk":5,"undead_revamp2:the_moonflower":2,"earthmobsmod:cream_cow":5,"born_in_chaos_v1:decrepit_skeleton":1,"iceandfire:ghost":1,"alexsmobs:gazelle":1,"enemyexpansion:huntsman":1,"born_in_chaos_v1:nightmare_stalker":2},"minecraft:used":{"minecraft:shield":44,"minecraft:rotten_flesh":3,"minecraft:iron_chestplate":2,"minecraft:mutton":2,"minecraft:item_frame":1,"minecraft:furnace":1,"minecraft:stone_pickaxe":49,"minecraft:oak_planks":1,"minecraft:wooden_pickaxe":7,"minecraft:birch_slab":1,"minecraft:cyan_bed":2,"minecraft:bread":106,"iceandfire:silver_sword":383,"vanillaplustools:stone_hammer":116,"minecraft:stick":1,"minecraft:torch":109,"minecraft:dirt":3,"minecraft:spyglass":142,"minecraft:chainmail_chestplate":1,"minecraft:beef":4,"tombstone:gift":3,"minecraft:cobbled_deepslate":10,"minecraft:iron_leggings":1,"minecraft:brown_bed":2,"minecraft:cooked_mutton":3,"minecraft:water_bucket":12,"minecraft:amethyst_block":10,"undead_revamp2:bostroxsword":88,"minecraft:crafting_table":5,"minecraft:white_bed":4,"minecraft:iron_pickaxe":75,"minecraft:stone_axe":93,"minecraft:cobblestone":173,"minecraft:potion":1,"vanillaplustools:iron_hammer":80,"minecraft:bucket":13,"minecraft:pumpkin_pie":3,"alexsmobs:animal_dictionary":1},"minecraft:mined":{"minecraft:dark_oak_planks":14,"minecraft:white_bed":4,"minecraft:granite":93,"minecraft:budding_amethyst":2,"minecraft:acacia_log":9,"minecraft:grass_block":5,"minecraft:coal_block":1,"minecraft:deepslate_bricks":1,"luminousworld:savanna_grass_2":5,"minecraft:chiseled_stone_bricks":2,"minecraft:spawner":1,"minecraft:potted_fern":1,"minecraft:dark_oak_trapdoor":2,"minecraft:cobbled_deepslate":1,"minecraft:iron_ore":47,"minecraft:fire":4,"minecraft:brown_bed":2,"minecraft:iron_bars":3,"minecraft:stripped_mangrove_wood":5,"minecraft:magenta_carpet":1,"minecraft:clay":3,"minecraft:torch":8,"minecraft:calcite":12,"minecraft:poppy":2,"minecraft:dead_bush":5,"minecraft:cobblestone":31,"minecraft:cyan_bed":9,"minecraft:oak_planks":1,"minecraft:wall_torch":17,"minecraft:amethyst_block":25,"minecraft:dark_oak_slab":1,"minecraft:light_gray_stained_glass":3,"minecraft:wheat":190,"minecraft:stone_brick_stairs":3,"minecraft:grass":10,"minecraft:oak_log":11,"luminousworld:palm_log":6,"minecraft:netherrack":1,"luminousworld:savannah_grass_4":4,"minecraft:oak_leaves":2,"minecraft:deepslate":47,"luminousworld:savannah_ground":2,"iceandfire:silver_ore":11,"born_in_chaos_v1:infected_diamond_ore":1,"minecraft:dark_oak_fence":2,"minecraft:white_stained_glass":1,"luminousworld:grassvariant_2":2,"minecraft:birch_slab":1,"minecraft:hay_block":20,"minecraft:furnace":3,"minecraft:acacia_stairs":1,"minecraft:deepslate_iron_ore":3,"minecraft:vine":1,"minecraft:bamboo":1,"minecraft:stone":975,"minecraft:white_wool":3,"luminousworld:savannah_soil":1,"minecraft:glass_pane":6,"minecraft:crafting_table":3,"luminousworld:savannah_grass_1":5,"minecraft:campfire":1,"minecraft:tall_grass":1,"minecraft:copper_ore":15,"minecraft:deepslate_coal_ore":1,"minecraft:lapis_ore":4,"minecraft:diorite":19,"minecraft:orange_carpet":2,"supplementaries:urn":5,"minecraft:red_terracotta":3,"minecraft:coal_ore":52,"luminousworld:ishstone":37,"minecraft:cyan_carpet":1,"minecraft:gray_carpet":2,"minecraft:cobweb":2,"minecraft:stone_bricks":7,"luminousworld:elephant_grass":1,"minecraft:fern":4},"minecraft:broken":{"minecraft:iron_chestplate":1,"aether:iron_gloves":1,"minecraft:shield":1,"minecraft:iron_helmet":1},"minecraft:killed_by":{"undead_revamp2:theskeeper":1,"endermanoverhaul:cave_enderman":2,"born_in_chaos_v1:zombie_bruiser":1,"born_in_chaos_v1:corpse_fly":1,"enemyexpansion:sprinter":1,"enemyexpansion:invisicreeper":1,"iceandfire:deathworm":1,"undead_revamp2:thehorrors":2,"alexsmobs:centipede_head":1,"minecraft:skeleton":1,"iceandfire:lightning_dragon":9,"iceandfire:ghost":2,"endermanoverhaul:savanna_enderman":1,"iceandfire:myrmex_sentinel":1},"minecraft:picked_up":{"minecraft:iron_chestplate":1,"minecraft:wheat":227,"minecraft:flower_pot":1,"minecraft:red_sandstone_stairs":2,"minecraft:brown_bed":2,"minecraft:stone_brick_stairs":4,"minecraft:amethyst_block":20,"alexsmobs:gazelle_horn":1,"minecraft:string":11,"minecraft:dark_oak_trapdoor":6,"minecraft:raw_copper":64,"minecraft:iron_leggings":1,"minecraft:cobbled_deepslate":50,"minecraft:gold_nugget":18,"minecraft:calcite":12,"minecraft:iron_pickaxe":1,"minecraft:furnace":3,"minecraft:stick":9,"minecraft:acacia_log":8,"minecraft:torch":30,"luminousworld:savannah_soil":1,"iceandfire:crackled_gravel":11,"born_in_chaos_v1:nightmare_claw":2,"tombstone:grave_dust":2,"minecraft:diorite":20,"aether:golden_gloves":1,"minecraft:rotten_flesh":29,"minecraft:tropical_fish":4,"supplementaries:ash":4,"minecraft:cobblestone":1248,"luminousworld:savannah_ground":2,"minecraft:lilac":1,"minecraft:birch_slab":1,"minecraft:orange_carpet":4,"undead_revamp2:huntereye":1,"minecraft:lapis_lazuli":30,"minecraft:dirt":5,"born_in_chaos_v1:monster_skin":2,"minecraft:bone":17,"minecraft:bow":1,"minecraft:wheat_seeds":241,"minecraft:oak_planks":1,"iceandfire:dragon_skull_fire":1,"minecraft:acacia_stairs":1,"minecraft:cyan_bed":2,"iceandfire:lightning_dragon_heart":1,"minecraft:bundle":2,"alexsmobs:kangaroo_hide":2,"minecraft:granite":89,"minecraft:bone_meal":1,"minecraft:golden_apple":1,"minecraft:emerald":18,"minecraft:bread":21,"minecraft:dark_oak_fence":6,"iceandfire:raw_silver":10,"undead_revamp2:bostroxingot":4,"minecraft:crafting_table":4,"minecraft:clay_ball":12,"born_in_chaos_v1:seedof_chaos":2,"minecraft:wooden_pickaxe":1,"minecraft:chain":1,"minecraft:item_frame":2,"minecraft:cyan_carpet":1,"luminousworld:palm_log":5,"minecraft:beef":23,"minecraft:jungle_sapling":1,"minecraft:poppy":3,"minecraft:egg":4,"minecraft:raw_iron":51,"iceandfire:dragonbone":18,"minecraft:fire_charge":2,"born_in_chaos_v1:pieceofdarkmetal":4,"minecraft:dark_oak_planks":14,"minecraft:arrow":5,"minecraft:hay_block":23,"minecraft:gold_ingot":15,"minecraft:mutton":4,"minecraft:white_wool":1,"alexsmobs:kangaroo_meat":2,"born_in_chaos_v1:corpse_maggot":6,"luminousworld:palmplank":6,"born_in_chaos_v1:monster_flesh":3,"luminousworld:ishstone":37,"minecraft:leather":7,"minecraft:oak_log":11,"minecraft:gunpowder":3,"iceandfire:armor_copper_metal_helmet":1,"enemyexpansion:scorpion_tail":1,"minecraft:cooked_mutton":3,"minecraft:apple":2,"minecraft:gray_carpet":2,"minecraft:iron_ingot":23,"minecraft:stone_pickaxe":2,"minecraft:glass_bottle":4,"quark:light_gray_shard":20,"iceandfire:copper_nugget":16,"minecraft:smooth_basalt":4,"minecraft:dark_oak_slab":1,"quark:white_shard":4,"iceandfire:ash":1,"minecraft:spyglass":2,"minecraft:gravel":1,"minecraft:white_bed":4,"iceandfire:dragonscales_copper":6,"undead_revamp2:rawbostrox":3,"minecraft:chainmail_leggings":1,"minecraft:coal":131},"minecraft:dropped":{"iceandfire:raw_silver":8,"minecraft:glass_bottle":5,"minecraft:crafting_table":2,"minecraft:dark_oak_slab":1,"minecraft:leather":1,"born_in_chaos_v1:pieceofdarkmetal":2,"minecraft:item_frame":1,"minecraft:emerald":9,"minecraft:dirt":2,"quark:light_gray_shard":20,"minecraft:orange_carpet":4,"minecraft:dark_oak_fence":6,"minecraft:dark_oak_trapdoor":6,"minecraft:mutton":2,"minecraft:jungle_sapling":1,"minecraft:gold_nugget":9,"iceandfire:ash":1,"minecraft:white_wool":1,"minecraft:cyan_carpet":1,"minecraft:bone":6,"minecraft:gravel":1,"minecraft:stone_axe":1,"minecraft:spyglass":1,"alexsmobs:animal_dictionary":1,"minecraft:cobbled_deepslate":1,"aether:golden_gloves":1,"minecraft:wheat":2,"minecraft:obsidian":3,"minecraft:rotten_flesh":23,"minecraft:oak_planks":20,"minecraft:golden_shovel":1,"iceandfire:crackled_gravel":11,"alexsmobs:kangaroo_hide":2,"minecraft:poppy":3,"supplementaries:ash":5,"born_in_chaos_v1:corpse_maggot":6,"luminousworld:palm_log":2,"minecraft:stone_brick_stairs":4,"minecraft:egg":4,"minecraft:golden_boots":1,"minecraft:enchanted_book":1,"minecraft:iron_ingot":11,"minecraft:bread":42,"minecraft:wheat_seeds":147,"minecraft:golden_helmet":1,"minecraft:lilac":1,"minecraft:cobblestone":403,"minecraft:coal":53,"minecraft:stick":5,"minecraft:diorite":1,"iceandfire:copper_nugget":16,"minecraft:torch":1,"tombstone:grave_key":1,"iceandfire:silver_sword":1,"minecraft:fire_charge":2,"tombstone:grave_dust":1,"minecraft:iron_leggings":1,"minecraft:golden_hoe":1,"minecraft:string":1,"minecraft:gray_carpet":2,"minecraft:furnace":2,"minecraft:raw_copper":10,"minecraft:clay_ball":12,"minecraft:iron_boots":1,"quark:white_shard":4,"iceandfire:armor_copper_metal_helmet":1,"luminousworld:palmplank":6,"minecraft:bundle":1,"minecraft:bow":1,"minecraft:wooden_pickaxe":2,"minecraft:stone_pickaxe":4,"minecraft:calcite":12,"minecraft:red_sandstone_stairs":2},"minecraft:custom":{"minecraft:interact_with_crafting_table":42,"minecraft:open_barrel":4,"minecraft:bell_ring":2,"minecraft:eat_cake_slice":8,"minecraft:leave_game":1,"minecraft:time_since_death":8044,"minecraft:sprint_one_cm":664882,"minecraft:damage_blocked_by_shield":2415,"minecraft:drop":371,"minecraft:play_time":365562,"minecraft:deaths":27,"minecraft:jump":7426,"minecraft:walk_on_water_one_cm":118741,"minecraft:interact_with_furnace":28,"minecraft:sleep_in_bed":9,"minecraft:damage_dealt":16898,"minecraft:player_kills":1,"minecraft:crouch_one_cm":4468,"tombstone:undead_killed":23,"minecraft:use_cauldron":1,"minecraft:horse_one_cm":2312737,"minecraft:mob_kills":62,"minecraft:damage_dealt_resisted":176,"minecraft:climb_one_cm":8620,"minecraft:walk_one_cm":845126,"minecraft:sneak_time":3044,"minecraft:walk_under_water_one_cm":68044,"minecraft:total_world_time":365562,"minecraft:time_since_rest":5738,"minecraft:damage_taken":13855,"minecraft:trigger_trapped_chest":2,"minecraft:swim_one_cm":65450,"minecraft:fly_one_cm":1140448,"minecraft:open_chest":52,"minecraft:fall_one_cm":145782},"minecraft:crafted":{"minecraft:oak_planks":44,"aether:golden_gloves":1,"vanillaplustools:iron_hammer":1,"minecraft:iron_boots":1,"luminousworld:palmplank":12,"sophisticatedbackpacks:backpack":1,"minecraft:crafting_table":3,"minecraft:wooden_pickaxe":1,"minecraft:iron_helmet":1,"minecraft:iron_chestplate":1,"minecraft:shield":1,"minecraft:stick":88,"quark:oak_chest":1,"minecraft:iron_ingot":35,"minecraft:iron_pickaxe":9,"iceandfire:silver_sword":1,"vanillaplustools:stone_hammer":1,"born_in_chaos_v1:nightmare_mantleofthe_night_boots":1,"minecraft:furnace":1,"undead_revamp2:bostroxsword":1,"minecraft:stone_pickaxe":11,"minecraft:wheat":198,"sophisticatedbackpacks:iron_backpack":1,"minecraft:stone_axe":1,"minecraft:bread":140,"minecraft:air":0,"aether:iron_gloves":1,"minecraft:white_wool":2,"undead_revamp2:bostroxset_helmet":1,"minecraft:acacia_planks":24,"undead_revamp2:bostroxingot":3,"minecraft:torch":116,"recipes_unlocked:totem_head":1}},"DataVersion":3465}