{"stats":{"minecraft:dropped":{"minecraft:wheat_seeds":5,"alexsmobs:animal_dictionary":1,"aether:golden_gloves":1,"minecraft:wheat":1,"minecraft:cobblestone":401,"minecraft:oak_planks":16,"iceandfire:armor_copper_metal_helmet":1,"tombstone:grave_key":1,"minecraft:stone_pickaxe":4,"minecraft:wooden_pickaxe":2,"minecraft:white_wool":1},"minecraft:killed":{"born_in_chaos_v1:restless_spirit":1,"minecraft:sheep":2,"alexsmobs:gazelle":1,"undead_revamp2:thehorrors":1,"luminousworld:charaxes":1,"minecraft:cow":2},"minecraft:killed_by":{"undead_revamp2:theskeeper":1,"enemyexpansion:sprinter":1,"born_in_chaos_v1:corpse_fly":1,"iceandfire:ghost":2,"endermanoverhaul:savanna_enderman":1,"undead_revamp2:thehorrors":2},"minecraft:custom":{"minecraft:interact_with_furnace":14,"minecraft:mob_kills":8,"minecraft:interact_with_crafting_table":18,"minecraft:bell_ring":2,"minecraft:eat_cake_slice":4,"minecraft:damage_dealt_resisted":6,"minecraft:time_since_death":32616,"minecraft:sleep_in_bed":3,"minecraft:climb_one_cm":400,"minecraft:time_since_rest":32409,"minecraft:sprint_one_cm":190572,"minecraft:damage_taken":2655,"minecraft:walk_one_cm":245157,"minecraft:trigger_trapped_chest":2,"minecraft:drop":21,"minecraft:damage_dealt":1095,"minecraft:swim_one_cm":8704,"minecraft:fly_one_cm":259747,"minecraft:open_chest":33,"minecraft:crouch_one_cm":416,"tombstone:undead_killed":1,"minecraft:play_time":108673,"minecraft:deaths":8,"minecraft:sneak_time":628,"minecraft:walk_under_water_one_cm":8779,"minecraft:jump":1916,"minecraft:walk_on_water_one_cm":5503,"minecraft:total_world_time":108673,"minecraft:fall_one_cm":27969,"minecraft:horse_one_cm":1879092},"minecraft:crafted":{"minecraft:oak_planks":20,"vanillaplustools:stone_hammer":1,"minecraft:crafting_table":1,"minecraft:wooden_pickaxe":1,"aether:golden_gloves":1,"minecraft:stone_axe":1,"minecraft:bread":26,"minecraft:air":0,"vanillaplustools:iron_hammer":1,"minecraft:iron_boots":1,"minecraft:stick":56,"minecraft:iron_ingot":16,"minecraft:iron_pickaxe":9,"minecraft:stone_pickaxe":11,"minecraft:acacia_planks":24,"minecraft:torch":24,"recipes_unlocked:totem_head":1,"minecraft:wheat":72},"minecraft:used":{"minecraft:cooked_mutton":3,"minecraft:amethyst_block":10,"minecraft:stone_pickaxe":49,"minecraft:oak_planks":1,"minecraft:wooden_pickaxe":7,"vanillaplustools:stone_hammer":116,"minecraft:rotten_flesh":3,"minecraft:torch":34,"minecraft:spyglass":8,"minecraft:mutton":2,"minecraft:crafting_table":2,"minecraft:white_bed":3,"minecraft:bread":4,"minecraft:iron_pickaxe":10,"minecraft:item_frame":1,"minecraft:stone_axe":44,"minecraft:cobblestone":41,"minecraft:beef":4,"vanillaplustools:iron_hammer":3,"tombstone:gift":2,"alexsmobs:animal_dictionary":1,"minecraft:iron_leggings":1},"minecraft:mined":{"luminousworld:savannah_soil":1,"minecraft:white_bed":4,"minecraft:glass_pane":6,"minecraft:crafting_table":2,"minecraft:torch":3,"minecraft:granite":14,"minecraft:budding_amethyst":2,"minecraft:acacia_log":9,"minecraft:copper_ore":14,"minecraft:cobblestone":2,"minecraft:deepslate_coal_ore":1,"minecraft:oak_planks":1,"minecraft:diorite":18,"minecraft:wall_torch":4,"minecraft:spawner":1,"minecraft:amethyst_block":25,"minecraft:potted_fern":1,"minecraft:hay_block":5,"minecraft:furnace":2,"minecraft:iron_ore":21,"minecraft:acacia_stairs":1,"minecraft:grass":4,"minecraft:oak_log":5,"minecraft:coal_ore":51,"minecraft:vine":1,"minecraft:deepslate_iron_ore":3,"minecraft:stone":814,"minecraft:white_wool":3,"luminousworld:savannah_ground":2,"minecraft:oak_leaves":1,"minecraft:deepslate":30},"minecraft:picked_up":{"minecraft:wheat":14,"minecraft:crafting_table":2,"luminousworld:savannah_ground":2,"minecraft:flower_pot":1,"minecraft:leather":2,"minecraft:wooden_pickaxe":1,"minecraft:oak_log":5,"minecraft:chain":1,"iceandfire:armor_copper_metal_helmet":1,"minecraft:amethyst_block":20,"alexsmobs:gazelle_horn":1,"minecraft:raw_copper":54,"minecraft:iron_leggings":1,"minecraft:item_frame":1,"minecraft:cooked_mutton":3,"minecraft:apple":2,"minecraft:wheat_seeds":40,"minecraft:cobbled_deepslate":32,"minecraft:iron_ingot":18,"minecraft:beef":4,"minecraft:stone_pickaxe":2,"minecraft:iron_pickaxe":1,"minecraft:oak_planks":1,"minecraft:furnace":2,"minecraft:egg":2,"minecraft:raw_iron":25,"minecraft:smooth_basalt":1,"minecraft:torch":10,"minecraft:acacia_log":8,"minecraft:spyglass":1,"luminousworld:savannah_soil":1,"aether:golden_gloves":1,"minecraft:diorite":19,"minecraft:white_bed":4,"minecraft:acacia_stairs":1,"minecraft:arrow":1,"minecraft:rotten_flesh":3,"minecraft:hay_block":8,"minecraft:granite":14,"minecraft:gold_ingot":7,"minecraft:mutton":3,"minecraft:coal":77,"minecraft:white_wool":1,"minecraft:cobblestone":1091}},"DataVersion":3465}