{"stats":{"minecraft:dropped":{"minecraft:wheat_seeds":57,"minecraft:lilac":1,"minecraft:cobblestone":401,"tombstone:grave_key":1,"minecraft:white_wool":1,"minecraft:gravel":1,"alexsmobs:animal_dictionary":1,"aether:golden_gloves":1,"minecraft:wheat":1,"minecraft:rotten_flesh":5,"minecraft:oak_planks":16,"iceandfire:armor_copper_metal_helmet":1,"alexsmobs:kangaroo_hide":2,"minecraft:bundle":1,"born_in_chaos_v1:corpse_maggot":2,"minecraft:wooden_pickaxe":2,"minecraft:stone_pickaxe":4},"minecraft:killed":{"born_in_chaos_v1:restless_spirit":2,"born_in_chaos_v1:zombie_bruiser":1,"minecraft:skeleton":1,"alexsmobs:bison":1,"undead_revamp2:thehorrors":1,"alexsmobs:kangaroo":1,"luminousworld:charaxes":1,"luminousworld:savannah_zombie":1,"born_in_chaos_v1:diamond_termite":1,"earthmobsmod:cream_cow":5,"minecraft:sheep":2,"born_in_chaos_v1:corpse_fly":1,"alexsmobs:gazelle":1,"enemyexpansion:huntsman":1,"minecraft:cow":3},"minecraft:killed_by":{"undead_revamp2:theskeeper":1,"born_in_chaos_v1:zombie_bruiser":1,"born_in_chaos_v1:corpse_fly":1,"undead_revamp2:thehorrors":2,"enemyexpansion:sprinter":1,"iceandfire:ghost":2,"endermanoverhaul:savanna_enderman":1,"enemyexpansion:invisicreeper":1},"minecraft:custom":{"minecraft:mob_kills":24,"minecraft:interact_with_crafting_table":25,"minecraft:bell_ring":2,"minecraft:damage_dealt_resisted":6,"minecraft:eat_cake_slice":8,"minecraft:time_since_death":12463,"minecraft:climb_one_cm":400,"minecraft:sprint_one_cm":277043,"minecraft:walk_one_cm":394208,"minecraft:damage_blocked_by_shield":1470,"minecraft:drop":32,"minecraft:play_time":156673,"minecraft:sneak_time":2211,"minecraft:deaths":10,"minecraft:walk_under_water_one_cm":9139,"minecraft:jump":2949,"minecraft:walk_on_water_one_cm":11310,"minecraft:total_world_time":156673,"minecraft:interact_with_furnace":21,"minecraft:sleep_in_bed":3,"minecraft:time_since_rest":11948,"minecraft:damage_taken":4515,"minecraft:trigger_trapped_chest":2,"minecraft:damage_dealt":4078,"minecraft:swim_one_cm":8704,"minecraft:fly_one_cm":376633,"minecraft:open_chest":44,"minecraft:crouch_one_cm":3663,"tombstone:undead_killed":5,"minecraft:fall_one_cm":49432,"minecraft:horse_one_cm":1879092},"minecraft:crafted":{"minecraft:oak_planks":44,"vanillaplustools:stone_hammer":1,"aether:golden_gloves":1,"vanillaplustools:iron_hammer":1,"minecraft:iron_boots":1,"minecraft:stone_pickaxe":11,"minecraft:wheat":72,"minecraft:crafting_table":1,"minecraft:wooden_pickaxe":1,"minecraft:iron_helmet":1,"minecraft:stone_axe":1,"minecraft:bread":90,"minecraft:air":0,"aether:iron_gloves":1,"minecraft:iron_chestplate":1,"minecraft:shield":1,"minecraft:stick":68,"minecraft:iron_ingot":35,"minecraft:iron_pickaxe":9,"minecraft:acacia_planks":24,"minecraft:torch":56,"recipes_unlocked:totem_head":1,"iceandfire:silver_sword":1},"minecraft:used":{"iceandfire:silver_sword":163,"minecraft:shield":22,"vanillaplustools:stone_hammer":116,"minecraft:rotten_flesh":3,"minecraft:iron_chestplate":2,"minecraft:stick":1,"minecraft:torch":72,"minecraft:spyglass":44,"minecraft:mutton":2,"minecraft:chainmail_chestplate":1,"minecraft:item_frame":1,"minecraft:beef":4,"tombstone:gift":2,"minecraft:iron_leggings":1,"minecraft:cooked_mutton":3,"minecraft:amethyst_block":10,"minecraft:stone_pickaxe":49,"minecraft:oak_planks":1,"minecraft:wooden_pickaxe":7,"minecraft:crafting_table":2,"minecraft:white_bed":3,"minecraft:bread":29,"minecraft:iron_pickaxe":10,"minecraft:stone_axe":61,"minecraft:cobblestone":76,"vanillaplustools:iron_hammer":38,"alexsmobs:animal_dictionary":1},"minecraft:mined":{"minecraft:white_bed":4,"iceandfire:silver_ore":6,"born_in_chaos_v1:infected_diamond_ore":1,"minecraft:budding_amethyst":2,"minecraft:granite":23,"minecraft:acacia_log":9,"luminousworld:grassvariant_2":2,"luminousworld:savanna_grass_2":3,"minecraft:spawner":1,"minecraft:potted_fern":1,"minecraft:hay_block":6,"minecraft:furnace":2,"minecraft:iron_ore":39,"minecraft:acacia_stairs":1,"minecraft:deepslate_iron_ore":3,"minecraft:vine":1,"minecraft:stone":882,"minecraft:white_wool":3,"luminousworld:savannah_soil":1,"minecraft:glass_pane":6,"minecraft:crafting_table":2,"minecraft:torch":5,"luminousworld:savannah_grass_1":1,"minecraft:poppy":2,"minecraft:copper_ore":15,"minecraft:cobblestone":10,"minecraft:deepslate_coal_ore":1,"minecraft:oak_planks":1,"minecraft:diorite":18,"minecraft:wall_torch":10,"minecraft:amethyst_block":25,"supplementaries:urn":5,"minecraft:wheat":186,"minecraft:grass":4,"minecraft:coal_ore":52,"minecraft:oak_log":11,"luminousworld:elephant_grass":1,"luminousworld:savannah_grass_4":4,"minecraft:oak_leaves":2,"minecraft:deepslate":31,"luminousworld:savannah_ground":2},"minecraft:picked_up":{"minecraft:crafting_table":2,"minecraft:wheat":208,"born_in_chaos_v1:seedof_chaos":2,"minecraft:flower_pot":1,"minecraft:wooden_pickaxe":1,"minecraft:chain":1,"minecraft:amethyst_block":20,"alexsmobs:gazelle_horn":1,"minecraft:raw_copper":59,"minecraft:iron_leggings":1,"minecraft:item_frame":1,"minecraft:cobbled_deepslate":33,"minecraft:gold_nugget":9,"minecraft:beef":23,"minecraft:poppy":1,"minecraft:iron_pickaxe":1,"minecraft:egg":2,"minecraft:furnace":2,"minecraft:raw_iron":43,"minecraft:torch":17,"minecraft:acacia_log":8,"luminousworld:savannah_soil":1,"minecraft:diorite":19,"aether:golden_gloves":1,"born_in_chaos_v1:pieceofdarkmetal":2,"minecraft:arrow":5,"minecraft:rotten_flesh":11,"minecraft:hay_block":9,"minecraft:gold_ingot":9,"supplementaries:ash":3,"minecraft:mutton":3,"alexsmobs:kangaroo_meat":2,"minecraft:cobblestone":1160,"minecraft:white_wool":1,"born_in_chaos_v1:corpse_maggot":2,"luminousworld:savannah_ground":2,"minecraft:lilac":1,"minecraft:leather":7,"minecraft:oak_log":11,"iceandfire:armor_copper_metal_helmet":1,"minecraft:gunpowder":3,"minecraft:cooked_mutton":3,"minecraft:bone":7,"minecraft:apple":2,"minecraft:wheat_seeds":163,"minecraft:stone_pickaxe":2,"minecraft:iron_ingot":18,"minecraft:oak_planks":1,"minecraft:smooth_basalt":4,"minecraft:spyglass":1,"minecraft:gravel":1,"minecraft:white_bed":4,"minecraft:acacia_stairs":1,"minecraft:bundle":1,"alexsmobs:kangaroo_hide":2,"minecraft:granite":23,"minecraft:emerald":9,"minecraft:coal":78,"iceandfire:raw_silver":6}},"DataVersion":3465}