{"stats":{"minecraft:dropped":{"alexsmobs:animal_dictionary":1,"minecraft:oak_planks":16,"iceandfire:armor_copper_metal_helmet":1,"tombstone:grave_key":1,"minecraft:stone_pickaxe":4,"minecraft:wooden_pickaxe":2,"minecraft:white_wool":1},"minecraft:killed":{"minecraft:sheep":1,"luminousworld:charaxes":1,"minecraft:cow":2},"minecraft:killed_by":{"undead_revamp2:theskeeper":1,"enemyexpansion:sprinter":1,"born_in_chaos_v1:corpse_fly":1,"endermanoverhaul:savanna_enderman":1},"minecraft:custom":{"minecraft:interact_with_furnace":9,"minecraft:mob_kills":4,"minecraft:interact_with_crafting_table":12,"minecraft:damage_dealt_resisted":6,"minecraft:time_since_death":17840,"minecraft:sleep_in_bed":1,"minecraft:time_since_rest":15940,"minecraft:sprint_one_cm":106240,"minecraft:damage_taken":1182,"minecraft:walk_one_cm":142801,"minecraft:drop":11,"minecraft:damage_dealt":491,"minecraft:fly_one_cm":130454,"minecraft:open_chest":15,"minecraft:crouch_one_cm":405,"minecraft:play_time":48673,"minecraft:deaths":4,"minecraft:sneak_time":513,"minecraft:jump":1007,"minecraft:total_world_time":48673,"minecraft:fall_one_cm":16098},"minecraft:crafted":{"minecraft:oak_planks":20,"vanillaplustools:stone_hammer":1,"minecraft:crafting_table":1,"minecraft:wooden_pickaxe":1,"minecraft:stone_axe":1,"minecraft:stick":32,"minecraft:iron_ingot":10,"minecraft:stone_pickaxe":11,"minecraft:acacia_planks":20,"minecraft:torch":24},"minecraft:mined":{"minecraft:white_bed":1,"minecraft:crafting_table":1,"minecraft:torch":3,"minecraft:granite":14,"minecraft:budding_amethyst":2,"minecraft:acacia_log":6,"minecraft:copper_ore":14,"minecraft:cobblestone":2,"minecraft:deepslate_coal_ore":1,"minecraft:oak_planks":1,"minecraft:diorite":18,"minecraft:wall_torch":4,"minecraft:amethyst_block":25,"minecraft:iron_ore":14,"minecraft:grass":4,"minecraft:oak_log":5,"minecraft:coal_ore":51,"minecraft:deepslate_iron_ore":3,"minecraft:stone":795,"minecraft:oak_leaves":1,"minecraft:deepslate":30},"minecraft:used":{"minecraft:cooked_mutton":1,"minecraft:amethyst_block":10,"minecraft:stone_pickaxe":47,"minecraft:oak_planks":1,"minecraft:wooden_pickaxe":7,"vanillaplustools:stone_hammer":111,"minecraft:rotten_flesh":3,"minecraft:torch":34,"minecraft:spyglass":7,"minecraft:mutton":2,"minecraft:crafting_table":1,"minecraft:iron_pickaxe":6,"minecraft:stone_axe":16,"minecraft:cobblestone":35,"minecraft:beef":4,"tombstone:gift":2,"alexsmobs:animal_dictionary":1,"minecraft:iron_leggings":1},"minecraft:picked_up":{"minecraft:crafting_table":1,"minecraft:leather":2,"minecraft:wooden_pickaxe":1,"minecraft:oak_log":5,"iceandfire:armor_copper_metal_helmet":1,"minecraft:amethyst_block":20,"minecraft:raw_copper":54,"minecraft:iron_leggings":1,"minecraft:cooked_mutton":2,"minecraft:cobbled_deepslate":32,"minecraft:beef":4,"minecraft:stone_pickaxe":2,"minecraft:iron_pickaxe":1,"minecraft:oak_planks":1,"minecraft:egg":2,"minecraft:raw_iron":18,"minecraft:smooth_basalt":1,"minecraft:torch":10,"minecraft:acacia_log":5,"minecraft:spyglass":1,"minecraft:diorite":19,"minecraft:white_bed":1,"minecraft:rotten_flesh":3,"minecraft:granite":14,"minecraft:mutton":2,"minecraft:coal":48,"minecraft:white_wool":1,"minecraft:cobblestone":881}},"DataVersion":3465}