{"stats":{"minecraft:dropped":{"iceandfire:raw_silver":8,"minecraft:glass_bottle":5,"minecraft:crafting_table":2,"minecraft:dark_oak_slab":1,"minecraft:leather":1,"born_in_chaos_v1:pieceofdarkmetal":2,"minecraft:item_frame":1,"minecraft:emerald":9,"born_in_chaos_v1:monster_flesh":2,"minecraft:dirt":2,"quark:light_gray_shard":20,"minecraft:orange_carpet":4,"minecraft:dark_oak_fence":6,"minecraft:dark_oak_trapdoor":6,"minecraft:mutton":2,"minecraft:jungle_sapling":1,"minecraft:gold_nugget":9,"iceandfire:ash":1,"vanillaplustools:iron_hammer":1,"minecraft:white_wool":1,"minecraft:cyan_carpet":1,"minecraft:bone":6,"minecraft:gravel":1,"minecraft:stone_axe":1,"minecraft:spyglass":1,"alexsmobs:animal_dictionary":1,"minecraft:cobbled_deepslate":1,"aether:golden_gloves":1,"minecraft:wheat":2,"minecraft:obsidian":3,"minecraft:rotten_flesh":38,"minecraft:oak_planks":20,"minecraft:golden_shovel":1,"iceandfire:crackled_gravel":11,"minecraft:carrot":1,"alexsmobs:kangaroo_hide":2,"minecraft:poppy":3,"supplementaries:ash":5,"born_in_chaos_v1:corpse_maggot":8,"undead_revamp2:bostroxset_helmet":1,"luminousworld:palm_log":2,"minecraft:stone_brick_stairs":4,"minecraft:egg":4,"minecraft:golden_boots":1,"minecraft:enchanted_book":1,"minecraft:iron_ingot":30,"minecraft:bread":42,"minecraft:wheat_seeds":147,"minecraft:golden_helmet":1,"minecraft:lilac":1,"minecraft:cobblestone":403,"minecraft:coal":53,"minecraft:stick":5,"born_in_chaos_v1:black_argillite":8,"minecraft:diorite":1,"iceandfire:copper_nugget":16,"minecraft:torch":1,"tombstone:grave_key":2,"iceandfire:silver_sword":1,"minecraft:fire_charge":2,"tombstone:grave_dust":1,"minecraft:iron_leggings":1,"minecraft:golden_hoe":1,"minecraft:string":1,"minecraft:gray_carpet":2,"minecraft:furnace":2,"minecraft:raw_copper":10,"minecraft:clay_ball":12,"minecraft:iron_boots":1,"quark:white_shard":4,"iceandfire:armor_copper_metal_helmet":1,"luminousworld:palmplank":6,"minecraft:bundle":1,"minecraft:bow":1,"minecraft:stone_pickaxe":4,"minecraft:wooden_pickaxe":2,"minecraft:calcite":12,"minecraft:red_sandstone_stairs":2},"minecraft:broken":{"minecraft:iron_chestplate":1,"aether:iron_gloves":1,"minecraft:shield":1,"minecraft:iron_helmet":1},"minecraft:killed":{"born_in_chaos_v1:restless_spirit":3,"enemyexpansion:equestrian":2,"minecraft:skeleton":1,"luminousworld:charaxes":1,"alexsmobs:kangaroo":1,"luminousworld:hollow":2,"born_in_chaos_v1:diamond_termite":2,"undead_revamp2:theheavy":1,"minecraft:sheep":2,"minecraft:zombie":2,"enemyexpansion:vampire":2,"born_in_chaos_v1:corpse_fly":1,"minecraft:cow":3,"undead_revamp2:thehunter":1,"illagerinvasion:firecaller":1,"born_in_chaos_v1:zombie_bruiser":1,"born_in_chaos_v1:maggot":6,"minecraft:drowned":1,"alexsmobs:bison":1,"undead_revamp2:thehorrors":1,"luminousworld:savannah_zombie":2,"minecraft:husk":5,"undead_revamp2:the_moonflower":2,"earthmobsmod:cream_cow":5,"born_in_chaos_v1:decrepit_skeleton":1,"iceandfire:ghost":1,"alexsmobs:gazelle":1,"enemyexpansion:huntsman":1,"born_in_chaos_v1:nightmare_stalker":2},"minecraft:killed_by":{"undead_revamp2:theskeeper":1,"endermanoverhaul:cave_enderman":2,"born_in_chaos_v1:zombie_bruiser":1,"born_in_chaos_v1:corpse_fly":1,"earthmobsmod:bouldering_zombie":1,"enemyexpansion:sprinter":1,"minecraft:zombie":1,"enemyexpansion:invisicreeper":3,"iceandfire:deathworm":1,"undead_revamp2:thehorrors":2,"undead_revamp2:thehunter":1,"alexsmobs:centipede_head":1,"minecraft:skeleton":1,"iceandfire:lightning_dragon":9,"iceandfire:ghost":2,"endermanoverhaul:savanna_enderman":1,"iceandfire:myrmex_sentinel":1},"minecraft:custom":{"minecraft:interact_with_crafting_table":56,"minecraft:open_barrel":4,"minecraft:bell_ring":2,"minecraft:eat_cake_slice":8,"minecraft:leave_game":2,"minecraft:time_since_death":24336,"minecraft:sprint_one_cm":749523,"minecraft:damage_blocked_by_shield":2415,"minecraft:drop":396,"minecraft:play_time":446604,"minecraft:deaths":32,"minecraft:jump":8794,"minecraft:walk_on_water_one_cm":134006,"minecraft:interact_with_furnace":38,"minecraft:sleep_in_bed":10,"minecraft:damage_dealt":19249,"minecraft:player_kills":1,"minecraft:crouch_one_cm":7562,"tombstone:undead_killed":26,"minecraft:use_cauldron":1,"minecraft:horse_one_cm":2312737,"minecraft:mob_kills":70,"minecraft:damage_dealt_resisted":274,"minecraft:climb_one_cm":10762,"minecraft:walk_one_cm":995616,"minecraft:sneak_time":4459,"minecraft:walk_under_water_one_cm":74472,"minecraft:total_world_time":446604,"minecraft:time_since_rest":22959,"minecraft:damage_taken":16268,"minecraft:trigger_trapped_chest":2,"minecraft:swim_one_cm":80075,"minecraft:fly_one_cm":1376336,"minecraft:open_chest":53,"minecraft:fall_one_cm":169322},"minecraft:crafted":{"minecraft:oak_planks":44,"aether:golden_gloves":1,"vanillaplustools:iron_hammer":1,"minecraft:iron_boots":1,"luminousworld:palmplank":12,"sophisticatedbackpacks:backpack":1,"minecraft:crafting_table":3,"minecraft:wooden_pickaxe":1,"minecraft:iron_helmet":1,"minecraft:iron_chestplate":1,"minecraft:shield":1,"minecraft:stick":88,"quark:oak_chest":1,"minecraft:iron_ingot":55,"minecraft:iron_pickaxe":9,"iceandfire:dragon_horn":1,"iceandfire:silver_sword":1,"iceandfire:armor_copper_helmet":1,"vanillaplustools:stone_hammer":1,"iceandfire:dragon_stick":1,"born_in_chaos_v1:nightmare_mantleofthe_night_boots":1,"minecraft:furnace":1,"iceandfire:dragon_flute":1,"undead_revamp2:bostroxsword":1,"minecraft:stone_pickaxe":11,"minecraft:wheat":198,"sophisticatedbackpacks:iron_backpack":1,"minecraft:cooked_beef":6,"sophisticatedbackpacks:gold_backpack":1,"minecraft:stone_axe":1,"minecraft:bread":140,"minecraft:air":0,"aether:iron_gloves":1,"minecraft:white_wool":2,"undead_revamp2:bostroxset_helmet":1,"minecraft:acacia_planks":24,"undead_revamp2:bostroxingot":3,"minecraft:torch":116,"recipes_unlocked:totem_head":1},"minecraft:used":{"minecraft:shield":44,"minecraft:rotten_flesh":3,"minecraft:iron_chestplate":2,"minecraft:mutton":2,"minecraft:item_frame":1,"supplementaries:ash":1,"minecraft:furnace":2,"minecraft:stone_pickaxe":49,"minecraft:oak_planks":1,"minecraft:wooden_pickaxe":7,"born_in_chaos_v1:monster_flesh":1,"minecraft:birch_slab":1,"minecraft:bread":121,"minecraft:cyan_bed":2,"iceandfire:silver_sword":383,"minecraft:tropical_fish":4,"vanillaplustools:stone_hammer":116,"minecraft:stick":1,"minecraft:torch":142,"minecraft:spyglass":142,"minecraft:dirt":3,"minecraft:chainmail_chestplate":1,"minecraft:beef":4,"tombstone:gift":3,"minecraft:cooked_beef":2,"minecraft:cobbled_deepslate":11,"minecraft:brown_bed":3,"minecraft:iron_leggings":1,"minecraft:cooked_mutton":3,"minecraft:water_bucket":23,"minecraft:amethyst_block":10,"undead_revamp2:bostroxsword":159,"minecraft:crafting_table":5,"minecraft:white_bed":4,"minecraft:iron_pickaxe":77,"minecraft:stone_axe":93,"minecraft:cobblestone":175,"minecraft:potion":1,"vanillaplustools:iron_hammer":94,"minecraft:bucket":24,"minecraft:pumpkin_pie":3,"alexsmobs:animal_dictionary":1},"minecraft:mined":{"minecraft:dark_oak_planks":14,"minecraft:white_bed":4,"minecraft:granite":130,"minecraft:budding_amethyst":2,"minecraft:acacia_log":9,"minecraft:grass_block":5,"minecraft:coal_block":1,"minecraft:deepslate_bricks":1,"luminousworld:savanna_grass_2":5,"minecraft:chiseled_stone_bricks":2,"minecraft:spawner":1,"minecraft:potted_fern":1,"minecraft:dark_oak_trapdoor":2,"minecraft:iron_ore":47,"minecraft:cobbled_deepslate":1,"minecraft:fire":4,"minecraft:brown_bed":3,"minecraft:iron_bars":3,"minecraft:stripped_mangrove_wood":5,"minecraft:magenta_carpet":1,"minecraft:clay":3,"minecraft:torch":10,"minecraft:calcite":12,"minecraft:poppy":2,"minecraft:dead_bush":5,"minecraft:cobblestone":31,"minecraft:cyan_bed":9,"minecraft:oak_planks":1,"minecraft:wall_torch":18,"minecraft:amethyst_block":25,"minecraft:dark_oak_slab":1,"minecraft:light_gray_stained_glass":3,"minecraft:wheat":190,"minecraft:stone_brick_stairs":3,"minecraft:grass":10,"minecraft:oak_log":11,"luminousworld:palm_log":6,"minecraft:netherrack":1,"luminousworld:savannah_grass_4":4,"minecraft:oak_leaves":2,"minecraft:deepslate":48,"luminousworld:savannah_ground":2,"iceandfire:silver_ore":11,"born_in_chaos_v1:infected_diamond_ore":1,"minecraft:dark_oak_fence":2,"born_in_chaos_v1:black_argillite":18,"minecraft:white_stained_glass":1,"luminousworld:grassvariant_2":2,"minecraft:birch_slab":1,"minecraft:hay_block":20,"minecraft:furnace":3,"minecraft:acacia_stairs":1,"minecraft:deepslate_iron_ore":3,"minecraft:vine":1,"minecraft:bamboo":1,"minecraft:stone":999,"minecraft:white_wool":3,"luminousworld:savannah_soil":1,"minecraft:glass_pane":6,"minecraft:crafting_table":3,"luminousworld:savannah_grass_1":5,"minecraft:campfire":1,"minecraft:tall_grass":1,"minecraft:copper_ore":15,"minecraft:deepslate_coal_ore":1,"minecraft:lapis_ore":4,"minecraft:diorite":19,"minecraft:orange_carpet":2,"supplementaries:urn":5,"minecraft:red_terracotta":3,"minecraft:coal_ore":74,"luminousworld:ishstone":37,"minecraft:cyan_carpet":1,"minecraft:gray_carpet":2,"minecraft:cobweb":2,"minecraft:stone_bricks":7,"luminousworld:elephant_grass":1,"minecraft:fern":4},"minecraft:picked_up":{"minecraft:iron_chestplate":1,"minecraft:wheat":227,"minecraft:flower_pot":1,"minecraft:red_sandstone_stairs":2,"minecraft:brown_bed":3,"minecraft:stone_brick_stairs":4,"tombstone:grave_key":1,"minecraft:amethyst_block":20,"born_in_chaos_v1:black_argillite":12,"alexsmobs:gazelle_horn":1,"minecraft:string":14,"minecraft:dark_oak_trapdoor":6,"minecraft:raw_copper":64,"minecraft:iron_leggings":1,"minecraft:cobbled_deepslate":652,"minecraft:gold_nugget":18,"minecraft:calcite":12,"minecraft:iron_pickaxe":1,"minecraft:furnace":3,"minecraft:stick":9,"minecraft:acacia_log":8,"minecraft:torch":35,"luminousworld:savannah_soil":1,"iceandfire:crackled_gravel":11,"aether:golden_gloves":1,"tombstone:grave_dust":2,"minecraft:diorite":20,"born_in_chaos_v1:nightmare_claw":2,"minecraft:rotten_flesh":43,"minecraft:tropical_fish":4,"supplementaries:ash":12,"minecraft:cobblestone":1301,"luminousworld:savannah_ground":2,"minecraft:lilac":1,"minecraft:birch_slab":1,"minecraft:orange_carpet":4,"minecraft:tuff":63,"undead_revamp2:huntereye":1,"minecraft:lapis_lazuli":30,"minecraft:dirt":5,"minecraft:name_tag":1,"born_in_chaos_v1:monster_skin":2,"minecraft:bone":22,"minecraft:bow":1,"minecraft:wheat_seeds":241,"minecraft:oak_planks":1,"iceandfire:dragon_skull_fire":1,"iceandfire:lightning_dragon_heart":1,"minecraft:cyan_bed":2,"minecraft:acacia_stairs":1,"minecraft:bundle":2,"alexsmobs:kangaroo_hide":2,"minecraft:granite":122,"minecraft:bone_meal":1,"minecraft:golden_apple":1,"minecraft:emerald":18,"minecraft:bread":21,"minecraft:diamond_pickaxe":1,"minecraft:dark_oak_fence":6,"iceandfire:raw_silver":10,"undead_revamp2:bostroxingot":4,"minecraft:crafting_table":4,"minecraft:clay_ball":12,"born_in_chaos_v1:seedof_chaos":2,"minecraft:wooden_pickaxe":1,"minecraft:chain":1,"minecraft:item_frame":2,"minecraft:cyan_carpet":1,"luminousworld:palm_log":5,"minecraft:beef":23,"minecraft:jungle_sapling":1,"minecraft:poppy":3,"minecraft:egg":4,"minecraft:raw_iron":51,"iceandfire:dragonbone":18,"minecraft:fire_charge":2,"born_in_chaos_v1:pieceofdarkmetal":4,"minecraft:carrot":2,"minecraft:dark_oak_planks":14,"minecraft:arrow":5,"minecraft:hay_block":23,"minecraft:gold_ingot":15,"minecraft:mutton":4,"alexsmobs:kangaroo_meat":2,"minecraft:white_wool":1,"born_in_chaos_v1:corpse_maggot":8,"luminousworld:palmplank":6,"born_in_chaos_v1:monster_flesh":3,"luminousworld:ishstone":38,"minecraft:leather":7,"minecraft:oak_log":11,"minecraft:gunpowder":5,"iceandfire:armor_copper_metal_helmet":1,"enemyexpansion:scorpion_tail":1,"vanillaplustools:iron_hammer":1,"minecraft:cooked_mutton":3,"minecraft:apple":2,"minecraft:gray_carpet":2,"minecraft:rabbit_hide":7,"minecraft:iron_ingot":23,"minecraft:stone_pickaxe":2,"minecraft:glass_bottle":4,"quark:light_gray_shard":20,"iceandfire:copper_nugget":16,"minecraft:smooth_basalt":4,"minecraft:dark_oak_slab":1,"quark:white_shard":4,"iceandfire:ash":1,"minecraft:spyglass":2,"minecraft:gravel":1,"minecraft:white_bed":4,"iceandfire:dragonscales_copper":6,"undead_revamp2:rawbostrox":3,"minecraft:chainmail_leggings":1,"minecraft:coal":171}},"DataVersion":3465}