{"stats":{"minecraft:dropped":{"alexsmobs:animal_dictionary":1,"minecraft:wooden_pickaxe":2,"minecraft:white_wool":1},"minecraft:killed_by":{"enemyexpansion:sprinter":1},"minecraft:killed":{"minecraft:sheep":1,"luminousworld:charaxes":1,"minecraft:cow":2},"minecraft:custom":{"minecraft:time_since_rest":1,"minecraft:sprint_one_cm":23939,"minecraft:damage_taken":320,"minecraft:walk_one_cm":37930,"minecraft:mob_kills":4,"minecraft:drop":4,"minecraft:damage_dealt":329,"minecraft:interact_with_crafting_table":2,"minecraft:fly_one_cm":54130,"minecraft:play_time":12673,"minecraft:deaths":1,"minecraft:jump":338,"minecraft:time_since_death":1105,"minecraft:sleep_in_bed":1,"minecraft:total_world_time":12673,"minecraft:fall_one_cm":9398},"minecraft:crafted":{"minecraft:crafting_table":1,"minecraft:stick":8,"minecraft:wooden_pickaxe":1,"minecraft:stone_pickaxe":1,"minecraft:acacia_planks":20,"minecraft:torch":8,"minecraft:stone_axe":1},"minecraft:used":{"minecraft:stone_pickaxe":28,"minecraft:wooden_pickaxe":7,"minecraft:stone_axe":15,"minecraft:torch":4,"minecraft:cobblestone":5,"minecraft:mutton":1,"minecraft:beef":4,"minecraft:crafting_table":1,"alexsmobs:animal_dictionary":1},"minecraft:mined":{"minecraft:white_bed":1,"minecraft:iron_ore":5,"minecraft:crafting_table":1,"minecraft:torch":1,"minecraft:grass":4,"minecraft:acacia_log":6,"minecraft:coal_ore":9,"minecraft:oak_log":5,"minecraft:stone":20,"minecraft:oak_leaves":1},"minecraft:picked_up":{"minecraft:raw_iron":5,"minecraft:crafting_table":1,"minecraft:leather":2,"minecraft:torch":1,"minecraft:acacia_log":5,"minecraft:wooden_pickaxe":1,"minecraft:oak_log":5,"minecraft:white_bed":1,"minecraft:beef":4,"minecraft:mutton":2,"minecraft:coal":3,"minecraft:white_wool":1,"minecraft:cobblestone":16,"minecraft:egg":2}},"DataVersion":3465}