{"stats":{"minecraft:mined":{"minecraft:dark_oak_planks":10,"minecraft:white_bed":4,"iceandfire:silver_ore":8,"born_in_chaos_v1:infected_diamond_ore":1,"minecraft:dark_oak_fence":2,"minecraft:granite":23,"minecraft:budding_amethyst":2,"minecraft:grass_block":3,"minecraft:acacia_log":9,"minecraft:white_stained_glass":1,"minecraft:coal_block":1,"minecraft:deepslate_bricks":1,"luminousworld:grassvariant_2":2,"luminousworld:savanna_grass_2":5,"minecraft:chiseled_stone_bricks":2,"minecraft:spawner":1,"minecraft:potted_fern":1,"minecraft:hay_block":6,"minecraft:furnace":2,"minecraft:dark_oak_trapdoor":2,"minecraft:iron_ore":39,"minecraft:fire":4,"minecraft:acacia_stairs":1,"minecraft:deepslate_iron_ore":3,"minecraft:vine":1,"minecraft:iron_bars":3,"minecraft:bamboo":1,"minecraft:stripped_mangrove_wood":5,"minecraft:stone":916,"minecraft:white_wool":3,"luminousworld:savannah_soil":1,"minecraft:magenta_carpet":1,"minecraft:glass_pane":6,"minecraft:crafting_table":2,"minecraft:torch":5,"luminousworld:savannah_grass_1":5,"minecraft:calcite":12,"minecraft:poppy":2,"minecraft:campfire":1,"minecraft:tall_grass":1,"minecraft:copper_ore":15,"minecraft:cobblestone":29,"minecraft:deepslate_coal_ore":1,"minecraft:cyan_bed":8,"minecraft:oak_planks":1,"minecraft:diorite":19,"minecraft:wall_torch":10,"minecraft:orange_carpet":2,"minecraft:amethyst_block":25,"supplementaries:urn":5,"minecraft:red_terracotta":3,"minecraft:dark_oak_slab":1,"minecraft:light_gray_stained_glass":3,"minecraft:wheat":190,"minecraft:stone_brick_stairs":3,"minecraft:grass":5,"minecraft:oak_log":11,"minecraft:coal_ore":52,"minecraft:cyan_carpet":1,"minecraft:gray_carpet":2,"minecraft:cobweb":2,"minecraft:stone_bricks":7,"minecraft:netherrack":1,"luminousworld:savannah_grass_4":4,"luminousworld:elephant_grass":1,"minecraft:oak_leaves":2,"minecraft:deepslate":31,"luminousworld:savannah_ground":2},"minecraft:crafted":{"minecraft:oak_planks":44,"vanillaplustools:stone_hammer":1,"aether:golden_gloves":1,"vanillaplustools:iron_hammer":1,"minecraft:iron_boots":1,"minecraft:stone_pickaxe":11,"minecraft:wheat":72,"sophisticatedbackpacks:backpack":1,"minecraft:crafting_table":1,"minecraft:wooden_pickaxe":1,"minecraft:iron_helmet":1,"minecraft:stone_axe":1,"minecraft:bread":90,"minecraft:air":0,"aether:iron_gloves":1,"minecraft:iron_chestplate":1,"minecraft:shield":1,"quark:oak_chest":1,"minecraft:stick":68,"minecraft:iron_ingot":35,"minecraft:iron_pickaxe":9,"minecraft:acacia_planks":24,"minecraft:torch":64,"recipes_unlocked:totem_head":1,"iceandfire:silver_sword":1},"minecraft:picked_up":{"undead_revamp2:bostroxingot":4,"minecraft:crafting_table":3,"minecraft:wheat":227,"minecraft:flower_pot":1,"born_in_chaos_v1:seedof_chaos":2,"minecraft:wooden_pickaxe":1,"minecraft:stone_brick_stairs":4,"minecraft:chain":1,"minecraft:amethyst_block":20,"alexsmobs:gazelle_horn":1,"minecraft:dark_oak_trapdoor":2,"minecraft:string":3,"minecraft:raw_copper":64,"minecraft:iron_leggings":1,"minecraft:item_frame":2,"minecraft:cyan_carpet":1,"minecraft:cobbled_deepslate":33,"minecraft:gold_nugget":18,"minecraft:beef":23,"minecraft:calcite":12,"minecraft:poppy":3,"minecraft:iron_pickaxe":1,"minecraft:furnace":2,"minecraft:egg":4,"minecraft:stick":4,"minecraft:raw_iron":43,"iceandfire:dragonbone":8,"minecraft:torch":19,"minecraft:acacia_log":8,"luminousworld:savannah_soil":1,"tombstone:grave_dust":2,"minecraft:diorite":20,"aether:golden_gloves":1,"born_in_chaos_v1:pieceofdarkmetal":4,"minecraft:dark_oak_planks":10,"minecraft:arrow":5,"minecraft:rotten_flesh":18,"minecraft:hay_block":9,"supplementaries:ash":3,"minecraft:gold_ingot":15,"minecraft:mutton":4,"minecraft:cobblestone":1213,"alexsmobs:kangaroo_meat":2,"minecraft:white_wool":1,"born_in_chaos_v1:corpse_maggot":6,"luminousworld:savannah_ground":2,"minecraft:lilac":1,"minecraft:orange_carpet":4,"minecraft:leather":7,"minecraft:oak_log":11,"minecraft:gunpowder":3,"iceandfire:armor_copper_metal_helmet":1,"minecraft:dirt":3,"minecraft:cooked_mutton":3,"minecraft:bone":17,"minecraft:apple":2,"minecraft:gray_carpet":2,"minecraft:bow":1,"minecraft:wheat_seeds":210,"minecraft:stone_pickaxe":2,"minecraft:iron_ingot":23,"minecraft:oak_planks":1,"quark:light_gray_shard":20,"minecraft:smooth_basalt":4,"minecraft:dark_oak_slab":1,"quark:white_shard":4,"minecraft:spyglass":2,"minecraft:gravel":1,"minecraft:cyan_bed":1,"minecraft:white_bed":4,"minecraft:acacia_stairs":1,"minecraft:bundle":2,"alexsmobs:kangaroo_hide":2,"minecraft:granite":23,"minecraft:golden_apple":1,"minecraft:emerald":18,"minecraft:dark_oak_fence":2,"minecraft:coal":131,"iceandfire:raw_silver":8},"minecraft:killed":{"undead_revamp2:thehunter":1,"born_in_chaos_v1:restless_spirit":2,"born_in_chaos_v1:zombie_bruiser":1,"born_in_chaos_v1:maggot":4,"minecraft:skeleton":1,"alexsmobs:bison":1,"undead_revamp2:thehorrors":1,"luminousworld:charaxes":1,"luminousworld:savannah_zombie":2,"alexsmobs:kangaroo":1,"minecraft:husk":5,"born_in_chaos_v1:diamond_termite":1,"earthmobsmod:cream_cow":5,"born_in_chaos_v1:decrepit_skeleton":1,"minecraft:sheep":2,"born_in_chaos_v1:corpse_fly":1,"alexsmobs:gazelle":1,"enemyexpansion:huntsman":1,"minecraft:cow":3},"minecraft:dropped":{"minecraft:enchanted_book":1,"minecraft:wheat_seeds":113,"minecraft:lilac":1,"minecraft:crafting_table":2,"minecraft:cobblestone":401,"minecraft:leather":1,"born_in_chaos_v1:pieceofdarkmetal":2,"minecraft:coal":53,"minecraft:emerald":9,"minecraft:stick":4,"minecraft:dirt":1,"quark:light_gray_shard":10,"minecraft:orange_carpet":2,"minecraft:dark_oak_fence":2,"minecraft:torch":1,"tombstone:grave_key":1,"minecraft:mutton":2,"minecraft:dark_oak_trapdoor":2,"tombstone:grave_dust":1,"minecraft:gold_nugget":9,"minecraft:string":1,"minecraft:white_wool":1,"minecraft:gray_carpet":2,"minecraft:bone":6,"minecraft:gravel":1,"minecraft:furnace":2,"minecraft:spyglass":1,"alexsmobs:animal_dictionary":1,"minecraft:raw_copper":10,"aether:golden_gloves":1,"minecraft:wheat":1,"minecraft:rotten_flesh":5,"minecraft:oak_planks":20,"quark:white_shard":4,"iceandfire:armor_copper_metal_helmet":1,"alexsmobs:kangaroo_hide":2,"minecraft:poppy":3,"minecraft:bundle":1,"born_in_chaos_v1:corpse_maggot":6,"minecraft:bow":1,"minecraft:stone_pickaxe":4,"minecraft:wooden_pickaxe":2,"minecraft:stone_brick_stairs":4,"minecraft:egg":4},"minecraft:used":{"iceandfire:silver_sword":304,"minecraft:shield":28,"vanillaplustools:stone_hammer":116,"minecraft:rotten_flesh":3,"minecraft:iron_chestplate":2,"minecraft:stick":1,"minecraft:torch":75,"minecraft:dirt":2,"minecraft:spyglass":87,"minecraft:mutton":2,"minecraft:chainmail_chestplate":1,"minecraft:item_frame":1,"minecraft:beef":4,"tombstone:gift":3,"minecraft:iron_leggings":1,"minecraft:cooked_mutton":3,"minecraft:amethyst_block":10,"minecraft:stone_pickaxe":49,"minecraft:oak_planks":1,"minecraft:wooden_pickaxe":7,"minecraft:crafting_table":2,"minecraft:white_bed":4,"minecraft:bread":67,"minecraft:iron_pickaxe":38,"minecraft:stone_axe":80,"minecraft:cobblestone":161,"vanillaplustools:iron_hammer":57,"minecraft:bucket":1,"alexsmobs:animal_dictionary":1},"minecraft:killed_by":{"undead_revamp2:theskeeper":1,"endermanoverhaul:cave_enderman":1,"born_in_chaos_v1:zombie_bruiser":1,"born_in_chaos_v1:corpse_fly":1,"undead_revamp2:thehorrors":2,"enemyexpansion:sprinter":1,"iceandfire:lightning_dragon":2,"iceandfire:ghost":2,"endermanoverhaul:savanna_enderman":1,"enemyexpansion:invisicreeper":1},"minecraft:custom":{"minecraft:mob_kills":42,"minecraft:interact_with_crafting_table":29,"minecraft:open_barrel":4,"minecraft:bell_ring":2,"minecraft:damage_dealt_resisted":176,"minecraft:eat_cake_slice":8,"minecraft:leave_game":1,"minecraft:time_since_death":3575,"minecraft:climb_one_cm":5308,"minecraft:sprint_one_cm":379070,"minecraft:walk_one_cm":613763,"minecraft:damage_blocked_by_shield":1935,"minecraft:drop":209,"minecraft:play_time":232089,"minecraft:sneak_time":2510,"minecraft:deaths":14,"minecraft:walk_under_water_one_cm":17997,"minecraft:jump":4316,"minecraft:walk_on_water_one_cm":33070,"minecraft:total_world_time":232089,"minecraft:interact_with_furnace":21,"minecraft:sleep_in_bed":6,"minecraft:time_since_rest":2995,"minecraft:damage_taken":7550,"minecraft:trigger_trapped_chest":2,"minecraft:damage_dealt":10207,"minecraft:swim_one_cm":42951,"minecraft:fly_one_cm":571494,"minecraft:open_chest":50,"minecraft:crouch_one_cm":3922,"tombstone:undead_killed":13,"minecraft:fall_one_cm":79518,"minecraft:horse_one_cm":2312737}},"DataVersion":3465}