{"stats":{"minecraft:dropped":{"alexsmobs:animal_dictionary":1,"minecraft:oak_planks":16,"iceandfire:armor_copper_metal_helmet":1,"tombstone:grave_key":1,"minecraft:stone_pickaxe":4,"minecraft:wooden_pickaxe":2,"minecraft:white_wool":1},"minecraft:killed":{"born_in_chaos_v1:restless_spirit":1,"minecraft:sheep":1,"luminousworld:charaxes":1,"minecraft:cow":2},"minecraft:killed_by":{"undead_revamp2:theskeeper":1,"enemyexpansion:sprinter":1,"born_in_chaos_v1:corpse_fly":1,"endermanoverhaul:savanna_enderman":1},"minecraft:custom":{"minecraft:interact_with_furnace":10,"minecraft:mob_kills":5,"minecraft:interact_with_crafting_table":12,"minecraft:bell_ring":2,"minecraft:damage_dealt_resisted":6,"minecraft:time_since_death":29840,"minecraft:sleep_in_bed":2,"minecraft:time_since_rest":11210,"minecraft:sprint_one_cm":138942,"minecraft:damage_taken":1262,"minecraft:walk_one_cm":192123,"minecraft:drop":11,"minecraft:damage_dealt":731,"minecraft:fly_one_cm":148496,"minecraft:open_chest":24,"minecraft:crouch_one_cm":416,"minecraft:play_time":60673,"minecraft:deaths":4,"minecraft:sneak_time":622,"minecraft:jump":1379,"minecraft:total_world_time":60673,"minecraft:fall_one_cm":21337},"minecraft:crafted":{"minecraft:oak_planks":20,"vanillaplustools:stone_hammer":1,"minecraft:crafting_table":1,"minecraft:wooden_pickaxe":1,"minecraft:stone_axe":1,"minecraft:stick":32,"minecraft:iron_ingot":10,"minecraft:stone_pickaxe":11,"minecraft:acacia_planks":20,"minecraft:torch":24},"minecraft:used":{"minecraft:cooked_mutton":3,"minecraft:amethyst_block":10,"minecraft:stone_pickaxe":49,"minecraft:oak_planks":1,"minecraft:wooden_pickaxe":7,"vanillaplustools:stone_hammer":111,"minecraft:rotten_flesh":3,"minecraft:torch":34,"minecraft:spyglass":7,"minecraft:mutton":2,"minecraft:crafting_table":1,"minecraft:white_bed":2,"minecraft:iron_pickaxe":6,"minecraft:item_frame":1,"minecraft:stone_axe":36,"minecraft:cobblestone":41,"minecraft:beef":4,"tombstone:gift":2,"alexsmobs:animal_dictionary":1,"minecraft:iron_leggings":1},"minecraft:mined":{"luminousworld:savannah_soil":1,"minecraft:white_bed":3,"minecraft:glass_pane":4,"minecraft:crafting_table":2,"minecraft:torch":3,"minecraft:granite":14,"minecraft:budding_amethyst":2,"minecraft:acacia_log":7,"minecraft:copper_ore":14,"minecraft:cobblestone":2,"minecraft:deepslate_coal_ore":1,"minecraft:oak_planks":1,"minecraft:diorite":18,"minecraft:wall_torch":4,"minecraft:amethyst_block":25,"minecraft:potted_fern":1,"minecraft:hay_block":5,"minecraft:furnace":2,"minecraft:iron_ore":14,"minecraft:grass":4,"minecraft:oak_log":5,"minecraft:coal_ore":51,"minecraft:deepslate_iron_ore":3,"minecraft:stone":795,"luminousworld:savannah_ground":2,"minecraft:oak_leaves":1,"minecraft:deepslate":30},"minecraft:picked_up":{"minecraft:crafting_table":2,"luminousworld:savannah_ground":2,"minecraft:flower_pot":1,"minecraft:leather":2,"minecraft:wooden_pickaxe":1,"minecraft:oak_log":5,"minecraft:chain":1,"iceandfire:armor_copper_metal_helmet":1,"minecraft:amethyst_block":20,"minecraft:raw_copper":54,"minecraft:iron_leggings":1,"minecraft:item_frame":1,"minecraft:cooked_mutton":3,"minecraft:apple":2,"minecraft:cobbled_deepslate":32,"minecraft:iron_ingot":18,"minecraft:beef":4,"minecraft:stone_pickaxe":2,"minecraft:iron_pickaxe":1,"minecraft:oak_planks":1,"minecraft:furnace":2,"minecraft:egg":2,"minecraft:raw_iron":18,"minecraft:smooth_basalt":1,"minecraft:torch":10,"minecraft:acacia_log":6,"minecraft:spyglass":1,"luminousworld:savannah_soil":1,"minecraft:diorite":19,"minecraft:white_bed":3,"minecraft:rotten_flesh":3,"minecraft:hay_block":5,"minecraft:granite":14,"minecraft:gold_ingot":7,"minecraft:mutton":2,"minecraft:coal":77,"minecraft:white_wool":1,"minecraft:cobblestone":881}},"DataVersion":3465}