{"stats":{"minecraft:dropped":{"minecraft:wheat_seeds":5,"alexsmobs:animal_dictionary":1,"aether:golden_gloves":1,"minecraft:wheat":1,"minecraft:cobblestone":401,"minecraft:oak_planks":16,"iceandfire:armor_copper_metal_helmet":1,"minecraft:bundle":1,"tombstone:grave_key":1,"minecraft:stone_pickaxe":4,"minecraft:wooden_pickaxe":2,"minecraft:white_wool":1},"minecraft:killed":{"born_in_chaos_v1:diamond_termite":1,"born_in_chaos_v1:restless_spirit":1,"minecraft:sheep":2,"alexsmobs:gazelle":1,"enemyexpansion:huntsman":1,"undead_revamp2:thehorrors":1,"luminousworld:savannah_zombie":1,"luminousworld:charaxes":1,"minecraft:cow":2},"minecraft:killed_by":{"undead_revamp2:theskeeper":1,"enemyexpansion:sprinter":1,"born_in_chaos_v1:corpse_fly":1,"iceandfire:ghost":2,"endermanoverhaul:savanna_enderman":1,"enemyexpansion:invisicreeper":1,"undead_revamp2:thehorrors":2},"minecraft:custom":{"minecraft:interact_with_furnace":21,"minecraft:mob_kills":12,"minecraft:interact_with_crafting_table":23,"minecraft:bell_ring":2,"minecraft:eat_cake_slice":4,"minecraft:damage_dealt_resisted":6,"minecraft:time_since_death":11822,"minecraft:sleep_in_bed":3,"minecraft:climb_one_cm":400,"minecraft:time_since_rest":10468,"minecraft:sprint_one_cm":208141,"minecraft:damage_taken":3338,"minecraft:walk_one_cm":309482,"minecraft:trigger_trapped_chest":2,"minecraft:drop":22,"minecraft:damage_dealt":1887,"minecraft:swim_one_cm":8704,"minecraft:fly_one_cm":272595,"minecraft:open_chest":42,"minecraft:crouch_one_cm":3553,"tombstone:undead_killed":3,"minecraft:play_time":132673,"minecraft:deaths":9,"minecraft:sneak_time":1896,"minecraft:walk_under_water_one_cm":9105,"minecraft:jump":2298,"minecraft:walk_on_water_one_cm":8961,"minecraft:total_world_time":132673,"minecraft:fall_one_cm":31168,"minecraft:horse_one_cm":1879092},"minecraft:crafted":{"minecraft:oak_planks":44,"vanillaplustools:stone_hammer":1,"minecraft:crafting_table":1,"minecraft:wooden_pickaxe":1,"minecraft:iron_helmet":1,"aether:golden_gloves":1,"minecraft:stone_axe":1,"aether:iron_gloves":1,"minecraft:bread":26,"minecraft:air":0,"vanillaplustools:iron_hammer":1,"minecraft:iron_chestplate":1,"minecraft:iron_boots":1,"minecraft:stick":68,"minecraft:iron_ingot":35,"minecraft:iron_pickaxe":9,"minecraft:stone_pickaxe":11,"iceandfire:silver_sword":1,"minecraft:acacia_planks":24,"minecraft:torch":56,"recipes_unlocked:totem_head":1,"minecraft:wheat":72},"minecraft:used":{"minecraft:cooked_mutton":3,"minecraft:amethyst_block":10,"minecraft:stone_pickaxe":49,"minecraft:oak_planks":1,"minecraft:wooden_pickaxe":7,"vanillaplustools:stone_hammer":116,"minecraft:rotten_flesh":3,"minecraft:iron_chestplate":2,"minecraft:torch":72,"minecraft:spyglass":35,"minecraft:mutton":2,"minecraft:crafting_table":2,"minecraft:chainmail_chestplate":1,"minecraft:white_bed":3,"minecraft:bread":10,"minecraft:iron_pickaxe":10,"minecraft:item_frame":1,"minecraft:stone_axe":61,"minecraft:cobblestone":61,"minecraft:beef":4,"vanillaplustools:iron_hammer":30,"tombstone:gift":2,"alexsmobs:animal_dictionary":1,"minecraft:iron_leggings":1},"minecraft:mined":{"luminousworld:savannah_soil":1,"iceandfire:silver_ore":6,"minecraft:white_bed":4,"minecraft:glass_pane":6,"born_in_chaos_v1:infected_diamond_ore":1,"minecraft:crafting_table":2,"minecraft:torch":5,"minecraft:granite":23,"minecraft:budding_amethyst":2,"minecraft:acacia_log":9,"minecraft:copper_ore":15,"minecraft:cobblestone":2,"minecraft:deepslate_coal_ore":1,"minecraft:oak_planks":1,"minecraft:diorite":18,"minecraft:wall_torch":10,"minecraft:spawner":1,"minecraft:amethyst_block":25,"supplementaries:urn":5,"minecraft:potted_fern":1,"minecraft:hay_block":5,"minecraft:furnace":2,"minecraft:iron_ore":39,"minecraft:acacia_stairs":1,"minecraft:grass":4,"minecraft:oak_log":11,"minecraft:coal_ore":52,"minecraft:vine":1,"minecraft:deepslate_iron_ore":3,"minecraft:stone":882,"minecraft:white_wool":3,"luminousworld:savannah_ground":2,"minecraft:oak_leaves":2,"minecraft:deepslate":31},"minecraft:picked_up":{"minecraft:wheat":14,"minecraft:crafting_table":2,"luminousworld:savannah_ground":2,"minecraft:flower_pot":1,"minecraft:leather":2,"minecraft:wooden_pickaxe":1,"minecraft:oak_log":11,"minecraft:chain":1,"minecraft:gunpowder":3,"iceandfire:armor_copper_metal_helmet":1,"minecraft:amethyst_block":20,"alexsmobs:gazelle_horn":1,"minecraft:raw_copper":59,"minecraft:iron_leggings":1,"minecraft:item_frame":1,"minecraft:cooked_mutton":3,"minecraft:bone":4,"minecraft:apple":2,"minecraft:gold_nugget":9,"minecraft:wheat_seeds":40,"minecraft:cobbled_deepslate":33,"minecraft:iron_ingot":18,"minecraft:beef":4,"minecraft:stone_pickaxe":2,"minecraft:iron_pickaxe":1,"minecraft:oak_planks":1,"minecraft:furnace":2,"minecraft:egg":2,"minecraft:raw_iron":43,"minecraft:smooth_basalt":4,"minecraft:torch":17,"minecraft:acacia_log":8,"minecraft:spyglass":1,"minecraft:gravel":1,"luminousworld:savannah_soil":1,"aether:golden_gloves":1,"minecraft:diorite":19,"minecraft:white_bed":4,"born_in_chaos_v1:pieceofdarkmetal":1,"minecraft:acacia_stairs":1,"minecraft:bundle":1,"minecraft:arrow":3,"minecraft:rotten_flesh":6,"minecraft:hay_block":8,"minecraft:granite":23,"supplementaries:ash":2,"minecraft:emerald":8,"minecraft:gold_ingot":9,"iceandfire:raw_silver":6,"minecraft:mutton":3,"minecraft:coal":78,"minecraft:white_wool":1,"minecraft:cobblestone":1152}},"DataVersion":3465}