{"stats":{"minecraft:dropped":{"alexsmobs:animal_dictionary":1,"minecraft:oak_planks":16,"minecraft:wooden_pickaxe":2,"minecraft:white_wool":1},"minecraft:killed_by":{"undead_revamp2:theskeeper":1,"enemyexpansion:sprinter":1,"born_in_chaos_v1:corpse_fly":1,"endermanoverhaul:savanna_enderman":1},"minecraft:killed":{"minecraft:sheep":1,"luminousworld:charaxes":1,"minecraft:cow":2},"minecraft:custom":{"minecraft:time_since_rest":3940,"minecraft:sprint_one_cm":99467,"minecraft:damage_taken":1162,"minecraft:walk_one_cm":104561,"minecraft:mob_kills":4,"minecraft:drop":5,"minecraft:damage_dealt":491,"minecraft:interact_with_crafting_table":10,"minecraft:fly_one_cm":122941,"minecraft:open_chest":3,"minecraft:crouch_one_cm":370,"minecraft:play_time":36673,"minecraft:deaths":4,"minecraft:sneak_time":224,"minecraft:damage_dealt_resisted":6,"minecraft:jump":802,"minecraft:time_since_death":5840,"minecraft:sleep_in_bed":1,"minecraft:total_world_time":36673,"minecraft:fall_one_cm":15218},"minecraft:crafted":{"minecraft:oak_planks":20,"vanillaplustools:stone_hammer":1,"minecraft:crafting_table":1,"minecraft:stick":32,"minecraft:wooden_pickaxe":1,"minecraft:stone_pickaxe":11,"minecraft:acacia_planks":20,"minecraft:torch":24,"minecraft:stone_axe":1},"minecraft:mined":{"minecraft:white_bed":1,"minecraft:iron_ore":5,"minecraft:crafting_table":1,"minecraft:torch":3,"minecraft:budding_amethyst":2,"minecraft:grass":4,"minecraft:acacia_log":6,"minecraft:coal_ore":34,"minecraft:oak_log":5,"minecraft:deepslate_iron_ore":3,"minecraft:deepslate_coal_ore":1,"minecraft:stone":64,"minecraft:oak_planks":1,"minecraft:wall_torch":2,"minecraft:deepslate":30,"minecraft:diorite":18,"minecraft:oak_leaves":1,"minecraft:amethyst_block":25},"minecraft:used":{"minecraft:amethyst_block":10,"minecraft:stone_pickaxe":47,"minecraft:oak_planks":1,"minecraft:wooden_pickaxe":7,"vanillaplustools:stone_hammer":18,"minecraft:rotten_flesh":3,"minecraft:stone_axe":16,"minecraft:torch":22,"minecraft:cobblestone":5,"minecraft:mutton":2,"minecraft:beef":4,"minecraft:crafting_table":1,"tombstone:gift":2,"alexsmobs:animal_dictionary":1},"minecraft:picked_up":{"minecraft:raw_iron":9,"minecraft:crafting_table":1,"minecraft:smooth_basalt":1,"minecraft:leather":2,"minecraft:torch":8,"minecraft:acacia_log":5,"minecraft:wooden_pickaxe":1,"minecraft:oak_log":5,"minecraft:diorite":19,"minecraft:white_bed":1,"minecraft:amethyst_block":20,"minecraft:iron_leggings":1,"minecraft:cooked_mutton":2,"minecraft:rotten_flesh":3,"minecraft:cobbled_deepslate":32,"minecraft:beef":4,"minecraft:iron_pickaxe":1,"minecraft:oak_planks":1,"minecraft:mutton":2,"minecraft:coal":31,"minecraft:white_wool":1,"minecraft:cobblestone":157,"minecraft:egg":2}},"DataVersion":3465}